iteracion,loss
0,0.14018207788467407
1,0.13272294402122498
2,0.1332518458366394
3,0.13037855923175812
4,0.12320540100336075
5,0.11116164177656174
6,0.10557518899440765
7,0.11560344696044922
8,0.10644064843654633
9,0.09526345878839493
10,0.09444720298051834
11,0.10727674514055252
12,0.09090167284011841
13,0.08754156529903412
14,0.08852960169315338
15,0.09441979229450226
16,0.08050420880317688
17,0.08548475801944733
18,0.07698814570903778
19,0.07551657408475876
20,0.07600544393062592
21,0.08393356204032898
22,0.06924542039632797
23,0.07482393085956573
24,0.07252192497253418
25,0.0828607827425003
26,0.08196224272251129
27,0.08101048320531845
28,0.06955694407224655
29,0.07481642067432404
30,0.07426626980304718
31,0.0668993815779686
32,0.06615450978279114
33,0.059224873781204224
34,0.055234070867300034
35,0.058776892721652985
36,0.05885395407676697
37,0.06051144003868103
38,0.056495387107133865
39,0.054690517485141754
40,0.048751432448625565
41,0.05705089867115021
42,0.04982363432645798
43,0.04814926162362099
44,0.044297147542238235
45,0.04340673238039017
46,0.04897398501634598
47,0.053671352565288544
48,0.04034237563610077
49,0.03998851403594017
50,0.0429106242954731
51,0.04742319881916046
52,0.04587665945291519
53,0.04502994939684868
54,0.04236609861254692
55,0.03461488336324692
56,0.03414114564657211
57,0.039159007370471954
58,0.035405483096838
59,0.03174658119678497
60,0.03131089359521866
61,0.03291535750031471
62,0.03448881208896637
63,0.03267449513077736
64,0.03822242468595505
65,0.02856343984603882
66,0.029138322919607162
67,0.03237580507993698
68,0.026773076504468918
69,0.02612600475549698
70,0.0296238511800766
71,0.030195217579603195
72,0.02525251917541027
73,0.02391241304576397
74,0.03742805868387222
75,0.024659615010023117
76,0.029414281249046326
77,0.023020636290311813
78,0.026522420346736908
79,0.022235644981265068
80,0.023264503106474876
81,0.021742377430200577
82,0.02094363234937191
83,0.026258789002895355
84,0.021882405504584312
85,0.021872594952583313
86,0.024212263524532318
87,0.021252799779176712
88,0.01998726651072502
89,0.02072501927614212
90,0.019181087613105774
91,0.017364682629704475
92,0.019425421953201294
93,0.017921846359968185
94,0.0169354435056448
95,0.016715368255972862
96,0.016084449365735054
97,0.018574921414256096
98,0.01625470630824566
99,0.015834253281354904
100,0.015586718916893005
101,0.021866636350750923
102,0.017108336091041565
103,0.02050020359456539
104,0.015337701886892319
105,0.014943315647542477
106,0.014791704714298248
107,0.01514494139701128
108,0.016143908724188805
109,0.013885361142456532
110,0.017250733450055122
111,0.013411610387265682
112,0.012975822202861309
113,0.016240345314145088
114,0.013427257537841797
115,0.015363037586212158
116,0.01569964736700058
117,0.014344424940645695
118,0.013705587014555931
119,0.014757820405066013
120,0.013140273280441761
121,0.013640636578202248
122,0.014592207968235016
123,0.012727370485663414
124,0.012805422767996788
125,0.012668912298977375
126,0.013186093419790268
127,0.012061641551554203
128,0.01589386537671089
129,0.012348330579698086
130,0.015540644526481628
131,0.014760195277631283
132,0.014092529192566872
133,0.012987124733626842
134,0.013631532900035381
135,0.012364793568849564
136,0.012751963920891285
137,0.01241844892501831
138,0.015021935105323792
139,0.01194949634373188
140,0.021412692964076996
141,0.014547652564942837
142,0.013365098275244236
143,0.01385324914008379
144,0.014647828415036201
145,0.012247877195477486
146,0.012157325632870197
147,0.013307583518326283
148,0.012673829682171345
149,0.013747399672865868
150,0.018669957295060158
151,0.01118865329772234
152,0.011373200453817844
153,0.012133579701185226
154,0.012735824100673199
155,0.012446902692317963
156,0.011186037212610245
157,0.011915817856788635
158,0.01135583408176899
159,0.011238306760787964
160,0.0111696170642972
161,0.012124842964112759
162,0.011456077918410301
163,0.011856736615300179
164,0.013354098424315453
165,0.011750316247344017
166,0.010413642041385174
167,0.010186286643147469
168,0.010501106269657612
169,0.012237845920026302
170,0.011030659079551697
171,0.010218322277069092
172,0.011263959109783173
173,0.01031596027314663
174,0.010582887567579746
175,0.010482309386134148
176,0.010465833358466625
177,0.009991984814405441
178,0.012603646144270897
179,0.01055903360247612
180,0.009745065122842789
181,0.009908530861139297
182,0.01075473241508007
183,0.009714975953102112
184,0.00958629697561264
185,0.01047794334590435
186,0.009639078751206398
187,0.011705595068633556
188,0.010340261273086071
189,0.009812109172344208
190,0.011138204485177994
191,0.010077916085720062
192,0.010223514400422573
193,0.010326063260436058
194,0.009895293042063713
195,0.009622875601053238
196,0.0106510603800416
197,0.009800407104194164
198,0.009327941574156284
199,0.009419403038918972
200,0.009861503727734089
201,0.012870320118963718
202,0.009563666768372059
203,0.009601800702512264
204,0.009776374325156212
205,0.009500480256974697
206,0.009955907240509987
207,0.009730988182127476
208,0.00943020824342966
209,0.01161408144980669
210,0.009312208741903305
211,0.009372497908771038
212,0.009780949912965298
213,0.009566336870193481
214,0.009485572576522827
215,0.009252336807549
216,0.008999718353152275
217,0.009656649082899094
218,0.008857084438204765
219,0.00932907871901989
220,0.01084951777011156
221,0.008966948837041855
222,0.009005156345665455
223,0.009840184822678566
224,0.009234363213181496
225,0.008924996480345726
226,0.009422525763511658
227,0.009531160816550255
228,0.009584067389369011
229,0.009611275978386402
230,0.009277934208512306
231,0.009148512966930866
232,0.009368463419377804
233,0.009291666559875011
234,0.010088568553328514
235,0.009206047281622887
236,0.00922356452792883
237,0.010082107037305832
238,0.00928815919905901
239,0.009007547982037067
240,0.008893221616744995
241,0.00945680309087038
242,0.010530869476497173
243,0.009156063199043274
244,0.009534748271107674
245,0.009401069022715092
246,0.009023433551192284
247,0.008966431021690369
248,0.008524599485099316
249,0.00866914726793766
250,0.009745975024998188
251,0.009106548503041267
252,0.009402826428413391
253,0.009925241582095623
254,0.008753597736358643
255,0.009165877476334572
256,0.00932826567441225
257,0.009012906812131405
258,0.008647925220429897
259,0.00979394931346178
260,0.010281666181981564
261,0.008731044828891754
262,0.009109043516218662
263,0.008765524253249168
264,0.008814495988190174
265,0.008527165278792381
266,0.008754726499319077
267,0.008672875352203846
268,0.009329541586339474
269,0.008779661729931831
270,0.009547814726829529
271,0.00917558278888464
272,0.010023077018558979
273,0.009234256111085415
274,0.008858193643391132
275,0.009848891757428646
276,0.008787431754171848
277,0.008414407260715961
278,0.008660772815346718
279,0.008658327162265778
280,0.009077128954231739
281,0.009281368926167488
282,0.008599825203418732
283,0.008701635524630547
284,0.009637796320021152
285,0.008280106820166111
286,0.008500833064317703
287,0.008388705551624298
288,0.008432114496827126
289,0.008619545958936214
290,0.008391346782445908
291,0.00907430425286293
292,0.00842238962650299
293,0.008618938736617565
294,0.009320425800979137
295,0.008614795282483101
296,0.00919974036514759
297,0.00808763224631548
298,0.008621212095022202
299,0.008308305405080318
300,0.008424130268394947
301,0.008447712287306786
302,0.008858393877744675
303,0.008605445735156536
304,0.008366365917026997
305,0.008624238893389702
306,0.008421406149864197
307,0.00988181121647358
308,0.009012858383357525
309,0.009241308085620403
310,0.009098847396671772
311,0.008659109473228455
312,0.009295567870140076
313,0.009221870452165604
314,0.009904731065034866
315,0.009920155629515648
316,0.00847608782351017
317,0.008969330228865147
318,0.011426812037825584
319,0.009165443480014801
320,0.009826509281992912
321,0.00881251972168684
322,0.009132931008934975
323,0.00910884514451027
324,0.008616841398179531
325,0.009312448091804981
326,0.008561797440052032
327,0.008866838179528713
328,0.008543410338461399
329,0.008954673074185848
330,0.009541003033518791
331,0.008216187357902527
332,0.008502358570694923
333,0.008471868000924587
334,0.01140342466533184
335,0.008620514534413815
336,0.00852355919778347
337,0.0091114966198802
338,0.009079307317733765
339,0.008888589218258858
340,0.00916802417486906
341,0.008874421007931232
342,0.012246842496097088
343,0.009529734030365944
344,0.008321359753608704
345,0.010043222457170486
346,0.008332077413797379
347,0.008870038203895092
348,0.00837746262550354
349,0.010299106128513813
350,0.010808225721120834
351,0.008717411197721958
352,0.009082825854420662
353,0.011594204232096672
354,0.010525858961045742
355,0.008766439743340015
356,0.008909565396606922
357,0.00934686604887247
358,0.010262674652040005
359,0.008824815042316914
360,0.008398570120334625
361,0.008447090163826942
362,0.009421375580132008
363,0.008747342973947525
364,0.00859870295971632
365,0.009922769851982594
366,0.008632401935756207
367,0.009046975523233414
368,0.009684893302619457
369,0.009366462007164955
370,0.008536437526345253
371,0.009455033577978611
372,0.00825620535761118
373,0.009011133573949337
374,0.018144477158784866
375,0.00830230861902237
376,0.00901611614972353
377,0.008207018487155437
378,0.00967143289744854
379,0.008300354704260826
380,0.014858890324831009
381,0.010887112468481064
382,0.009973276406526566
383,0.010999475605785847
384,0.010593054816126823
385,0.009731114841997623
386,0.009442525915801525
387,0.008803650736808777
388,0.009221863932907581
389,0.009551872499287128
390,0.008901214227080345
391,0.009056411683559418
392,0.009017052128911018
393,0.008252634666860104
394,0.014497218653559685
395,0.013147282414138317
396,0.008408072404563427
397,0.008886217139661312
398,0.008424739353358746
399,0.009012212976813316
400,0.008844680152833462
401,0.00865632388740778
402,0.008353407494723797
403,0.008344119414687157
404,0.008109962567687035
405,0.008166148327291012
406,0.012641595676541328
407,0.0099056176841259
408,0.008738037198781967
409,0.010314970277249813
410,0.01052987203001976
411,0.013119781389832497
412,0.011663594283163548
413,0.009432025253772736
414,0.008841879665851593
415,0.009110502898693085
416,0.009637797251343727
417,0.011088741011917591
418,0.009817412123084068
419,0.011231938377022743
420,0.00931970588862896
421,0.009538724087178707
422,0.010168888606131077
423,0.00901112798601389
424,0.00918064545840025
425,0.01167974341660738
426,0.0085707176476717
427,0.009578718803822994
428,0.008560365065932274
429,0.009693978354334831
430,0.00857793353497982
431,0.008449288085103035
432,0.008944328874349594
433,0.012501570396125317
434,0.008182739838957787
435,0.008525810204446316
436,0.00850236602127552
437,0.008325661532580853
438,0.008182797580957413
439,0.00851358287036419
440,0.009359514340758324
441,0.00958371814340353
442,0.008678269572556019
443,0.008826516568660736
444,0.009679123759269714
445,0.008543215692043304
446,0.00829743780195713
447,0.0080251544713974
448,0.008195978589355946
449,0.009761304594576359
450,0.00805165059864521
451,0.008028978481888771
452,0.008325659669935703
453,0.00961507298052311
454,0.008036314509809017
455,0.008060707710683346
456,0.008244141936302185
457,0.007828225381672382
458,0.007728607393801212
459,0.007818814367055893
460,0.007476038299500942
461,0.007904895581305027
462,0.007815524935722351
463,0.007685956545174122
464,0.009009604342281818
465,0.007503432221710682
466,0.008474787697196007
467,0.007920719683170319
468,0.008399253711104393
469,0.009106764569878578
470,0.0085869450122118
471,0.008032704703509808
472,0.008100772276520729
473,0.00941609125584364
474,0.009326946921646595
475,0.008151188492774963
476,0.010066372342407703
477,0.008196485228836536
478,0.008367249742150307
479,0.00887496117502451
480,0.00867829006165266
481,0.008363639935851097
482,0.00851342175155878
483,0.010541769675910473
484,0.008202707394957542
485,0.008623386733233929
486,0.008321915753185749
487,0.007932491600513458
488,0.008067668415606022
489,0.010696785524487495
490,0.008055252023041248
491,0.007966604083776474
492,0.008239947259426117
493,0.007932751439511776
494,0.00932289008051157
495,0.008102689869701862
496,0.008284597657620907
497,0.008120112121105194
498,0.009330527856945992
499,0.007871483452618122
500,0.008162799291312695
501,0.008432874456048012
502,0.00807957537472248
503,0.00794253870844841
504,0.007809349801391363
505,0.007688220124691725
506,0.00797524768859148
507,0.008488809689879417
508,0.007972342893481255
509,0.008348897099494934
510,0.007842859253287315
511,0.007786208763718605
512,0.007947007194161415
513,0.0078051770105957985
514,0.008448461070656776
515,0.009744765236973763
516,0.008191424421966076
517,0.008972547017037868
518,0.008901496417820454
519,0.008632543496787548
520,0.008135825395584106
521,0.01129554957151413
522,0.007981215603649616
523,0.008051184937357903
524,0.00805219542235136
525,0.00940738432109356
526,0.007890437729656696
527,0.008064329624176025
528,0.008931494317948818
529,0.008815202862024307
530,0.007958761416375637
531,0.010742589831352234
532,0.008548388257622719
533,0.008015291765332222
534,0.008021332323551178
535,0.008825531229376793
536,0.01105180848389864
537,0.009104970842599869
538,0.008767510764300823
539,0.009241589345037937
540,0.010436201468110085
541,0.00948294997215271
542,0.008352385833859444
543,0.007988324388861656
544,0.010888056829571724
545,0.011154537089169025
546,0.008929585106670856
547,0.008047989569604397
548,0.008147296495735645
549,0.008513069711625576
550,0.01465251948684454
551,0.00900763738900423
552,0.013062643818557262
553,0.009301502257585526
554,0.009398001246154308
555,0.010971237905323505
556,0.010926337912678719
557,0.011087077669799328
558,0.010160373523831367
559,0.009069445542991161
560,0.008501415140926838
561,0.008967095986008644
562,0.009345555678009987
563,0.011250339448451996
564,0.010447962209582329
565,0.009249355643987656
566,0.008466126397252083
567,0.008934693410992622
568,0.009033173322677612
569,0.01075202226638794
570,0.00837304163724184
571,0.008135405369102955
572,0.008048323914408684
573,0.00817541591823101
574,0.009880431927740574
575,0.008404557593166828
576,0.008489745669066906
577,0.008470844477415085
578,0.007959318347275257
579,0.008659535087645054
580,0.01058704499155283
581,0.00814190786331892
582,0.008134464733302593
583,0.00785539485514164
584,0.008796346373856068
585,0.008013075217604637
586,0.009356868453323841
587,0.008769089356064796
588,0.00822825450450182
589,0.008289570920169353
590,0.010072705335915089
591,0.008044950664043427
592,0.008458343334496021
593,0.008979341015219688
594,0.00893687829375267
595,0.008758452720940113
596,0.009015894494950771
597,0.008963281288743019
598,0.008657573722302914
599,0.008143970742821693
600,0.011830898001790047
601,0.008840723894536495
602,0.008743408136069775
603,0.010929793119430542
604,0.010404621250927448
605,0.009677073918282986
606,0.009313021786510944
607,0.008489559404551983
608,0.00873116310685873
609,0.00855296477675438
610,0.017277229577302933
611,0.009810155257582664
612,0.009025748819112778
613,0.010837179608643055
614,0.008310636505484581
615,0.008483506739139557
616,0.008398914709687233
617,0.01102975569665432
618,0.00868698488920927
619,0.008791675791144371
620,0.008802147582173347
621,0.00852162390947342
622,0.008822600357234478
623,0.010578718036413193
624,0.008415034972131252
625,0.00803130492568016
626,0.009734394028782845
627,0.008209876716136932
628,0.008161716163158417
629,0.008333778008818626
630,0.009707116521894932
631,0.0077978940680623055
632,0.011876619420945644
633,0.00822669081389904
634,0.008047299459576607
635,0.008145611733198166
636,0.00821765698492527
637,0.008544864133000374
638,0.007999151945114136
639,0.007887914776802063
640,0.007670461665838957
641,0.008191519416868687
642,0.007934686727821827
643,0.00835908018052578
644,0.008382115513086319
645,0.007945602759718895
646,0.009182964451611042
647,0.00811505876481533
648,0.008210893720388412
649,0.008781748823821545
650,0.007932743988931179
651,0.007766186725348234
652,0.0078060803934931755
653,0.00787473563104868
654,0.007642798125743866
655,0.007853888906538486
656,0.0075662326999008656
657,0.007465372793376446
658,0.007404614239931107
659,0.007845385000109673
660,0.007675002794712782
661,0.0075789643451571465
662,0.007445728871971369
663,0.008087314665317535
664,0.0076307388953864574
665,0.007363116834312677
666,0.007584838196635246
667,0.007425591349601746
668,0.007668313570320606
669,0.007727301679551601
670,0.007608977146446705
671,0.007745097391307354
672,0.0075239147990942
673,0.007521077990531921
674,0.007446485571563244
675,0.007316123228520155
676,0.007874231785535812
677,0.00815547350794077
678,0.0089584831148386
679,0.008575640618801117
680,0.008265230804681778
681,0.007818000391125679
682,0.009492211975157261
683,0.008396320976316929
684,0.008528380654752254
685,0.008406718261539936
686,0.008169332519173622
687,0.012785404920578003
688,0.01213186327368021
689,0.008170058019459248
690,0.00877328123897314
691,0.009444436058402061
692,0.008627833798527718
693,0.008404018357396126
694,0.008433911949396133
695,0.00874060858041048
696,0.008029479533433914
697,0.00992506742477417
698,0.00924608763307333
699,0.009497192688286304
700,0.009249508380889893
701,0.00864748191088438
702,0.009114682674407959
703,0.008409462869167328
704,0.008280380629003048
705,0.009249002672731876
706,0.009045961312949657
707,0.00809692032635212
708,0.009178218431770802
709,0.009265699423849583
710,0.011047099716961384
711,0.011001341976225376
712,0.01130353007465601
713,0.010734056122601032
714,0.009867900982499123
715,0.008981614373624325
716,0.009935677982866764
717,0.00808425061404705
718,0.0083865225315094
719,0.007768150418996811
720,0.008299496956169605
721,0.011383529752492905
722,0.010046194307506084
723,0.008093588054180145
724,0.008620493113994598
725,0.00893519539386034
726,0.008716310374438763
727,0.00826440379023552
728,0.008728569373488426
729,0.008649924769997597
730,0.008149380795657635
731,0.008845790289342403
732,0.008856874890625477
733,0.009061685763299465
734,0.00822823029011488
735,0.009834934957325459
736,0.008929690346121788
737,0.008393923752009869
738,0.008719227276742458
739,0.009609118103981018
740,0.008887025527656078
741,0.008746301755309105
742,0.008679302409291267
743,0.008997166529297829
744,0.008998826146125793
745,0.00825033150613308
746,0.00907165091484785
747,0.010474395006895065
748,0.0081211868673563
749,0.00866785366088152
750,0.010547714307904243
751,0.008233079686760902
752,0.008057573810219765
753,0.007903882302343845
754,0.007775850594043732
755,0.008878256194293499
756,0.0096846092492342
757,0.00804976187646389
758,0.00831197202205658
759,0.008218938484787941
760,0.008101378567516804
761,0.010642076842486858
762,0.00896550714969635
763,0.008087999187409878
764,0.008078137412667274
765,0.008579136803746223
766,0.00932510569691658
767,0.007816348224878311
768,0.007942323572933674
769,0.007927040569484234
770,0.007702498696744442
771,0.008490092121064663
772,0.007710292469710112
773,0.00871522817760706
774,0.008018558844923973
775,0.007941527292132378
776,0.007956652902066708
777,0.009101039730012417
778,0.008834471926093102
779,0.009880385361611843
780,0.008427100256085396
781,0.009172197431325912
782,0.008960103616118431
783,0.008090361021459103
784,0.008295560255646706
785,0.007934104651212692
786,0.007944219745695591
787,0.007885127328336239
788,0.007815206423401833
789,0.007930594496428967
790,0.009175444953143597
791,0.00770397437736392
792,0.007368683349341154
793,0.008155860006809235
794,0.007516391575336456
795,0.007614681962877512
796,0.00856081210076809
797,0.007721788715571165
798,0.008459149859845638
799,0.007942639291286469
800,0.008126884698867798
801,0.007632630877196789
802,0.007466505281627178
803,0.007707452867180109
804,0.0076453471556305885
805,0.008896133862435818
806,0.007604862563312054
807,0.007756720297038555
808,0.007652048487216234
809,0.008003577589988708
810,0.007604752201586962
811,0.00829768180847168
812,0.007853549905121326
813,0.007684134878218174
814,0.007927357219159603
815,0.00849447213113308
816,0.008408685214817524
817,0.008609479293227196
818,0.00948256440460682
819,0.008114966563880444
820,0.008385475724935532
821,0.009378340095281601
822,0.010156359523534775
823,0.008501778356730938
824,0.008508412167429924
825,0.009031586349010468
826,0.010516871698200703
827,0.009242632426321507
828,0.007601722609251738
829,0.009936329908668995
830,0.007869213819503784
831,0.007829234004020691
832,0.009870544075965881
833,0.008820918388664722
834,0.007956620305776596
835,0.009126709774136543
836,0.008236643858253956
837,0.008391400799155235
838,0.008760792203247547
839,0.007717422675341368
840,0.0075830756686627865
841,0.00859308522194624
842,0.008552176877856255
843,0.00796792097389698
844,0.007924734614789486
845,0.007925550453364849
846,0.008636116050183773
847,0.008288916200399399
848,0.007680648472160101
849,0.008254291489720345
850,0.0083017498254776
851,0.00882579293102026
852,0.007788709830492735
853,0.008605405688285828
854,0.008643882349133492
855,0.007869141176342964
856,0.008108457550406456
857,0.00816005002707243
858,0.008148103021085262
859,0.007976439781486988
860,0.008987321518361568
861,0.009792180731892586
862,0.008386853151023388
863,0.008907612413167953
864,0.008797279559075832
865,0.009914502501487732
866,0.00945547129958868
867,0.01059134304523468
868,0.008384719491004944
869,0.00791115965694189
870,0.008187513798475266
871,0.009276418946683407
872,0.014099308289587498
873,0.008860231377184391
874,0.008844597265124321
875,0.009378797374665737
876,0.00959439855068922
877,0.00966592226177454
878,0.010935342870652676
879,0.008330347016453743
880,0.008372058160603046
881,0.01023105625063181
882,0.008997405879199505
883,0.008488901890814304
884,0.010252106003463268
885,0.008342767134308815
886,0.009067392908036709
887,0.008212419226765633
888,0.008158995769917965
889,0.008020220324397087
890,0.010976294986903667
891,0.008654830045998096
892,0.008057879284024239
893,0.008279707282781601
894,0.008776510134339333
895,0.008537213318049908
896,0.008252627216279507
897,0.008179845288395882
898,0.007946069352328777
899,0.010822602547705173
900,0.008128033950924873
901,0.008459378965198994
902,0.008579197339713573
903,0.007989568635821342
904,0.008021908812224865
905,0.00896625965833664
906,0.00774701964110136
907,0.008061966858804226
908,0.007637432310730219
909,0.00795654859393835
910,0.007813581265509129
911,0.007517204619944096
912,0.007473416160792112
913,0.009196024388074875
914,0.007512052543461323
915,0.0074859485030174255
916,0.009692274034023285
917,0.0077455900609493256
918,0.008717023767530918
919,0.00763388816267252
920,0.008529117330908775
921,0.008136356249451637
922,0.00808983389288187
923,0.00823578517884016
924,0.0077847386710345745
925,0.007534149568527937
926,0.010116321966052055
927,0.0077612693421542645
928,0.008163603954017162
929,0.008120633661746979
930,0.00822002999484539
931,0.008749790489673615
932,0.007853619754314423
933,0.00941525585949421
934,0.007741078734397888
935,0.007773986551910639
936,0.008949076756834984
937,0.008151727728545666
938,0.007950535975396633
939,0.007748341653496027
940,0.00864521786570549
941,0.007430773228406906
942,0.007703680079430342
943,0.0077421218156814575
944,0.00757675152271986
945,0.007445917930454016
946,0.00723158847540617
947,0.007210704032331705
948,0.01038996409624815
949,0.007812933064997196
950,0.008240747265517712
951,0.00790783204138279
952,0.008350139483809471
953,0.009095737710595131
954,0.008300705812871456
955,0.008161371573805809
956,0.009379582479596138
957,0.008475735783576965
958,0.007856613025069237
959,0.007694648113101721
960,0.01054613571614027
961,0.007511810399591923
962,0.008293947204947472
963,0.007659078575670719
964,0.007559000980108976
965,0.007756287232041359
966,0.007658516988158226
967,0.007691691629588604
968,0.007640223950147629
969,0.007574846502393484
970,0.007405241951346397
971,0.007584021892398596
972,0.008538203313946724
973,0.007346156518906355
974,0.007595625706017017
975,0.007787409704178572
976,0.008464365266263485
977,0.007699631154537201
978,0.00731490645557642
979,0.007237433455884457
980,0.00731796445325017
981,0.009600185789167881
982,0.007256397977471352
983,0.007259930483996868
984,0.007897542789578438
985,0.007449912838637829
986,0.007424870040267706
987,0.007932058535516262
988,0.008478209376335144
989,0.007600115146487951
990,0.008135559037327766
991,0.008733185939490795
992,0.008154071867465973
993,0.007483613211661577
994,0.007673884741961956
995,0.007683406118303537
996,0.007437958847731352
997,0.00726140383630991
998,0.00735002476722002
999,0.00890442542731762
1000,0.009694324806332588
1001,0.007901283912360668
1002,0.008115788921713829
1003,0.008829386904835701
1004,0.007538300938904285
1005,0.007576495874673128
1006,0.007675879634916782
1007,0.009866082109510899
1008,0.007652576081454754
1009,0.007654066197574139
1010,0.008750127628445625
1011,0.008235878311097622
1012,0.008451824076473713
1013,0.008339868858456612
1014,0.008286022581160069
1015,0.009171118028461933
1016,0.0077417632564902306
1017,0.007678262889385223
1018,0.007414506282657385
1019,0.007694769185036421
1020,0.007419283036142588
1021,0.009248212911188602
1022,0.007567674852907658
1023,0.007638158742338419
1024,0.00946628488600254
1025,0.0076675210148096085
1026,0.0076439231634140015
1027,0.008539033122360706
1028,0.007669989485293627
1029,0.0075136045925319195
1030,0.007344400975853205
1031,0.00867761392146349
1032,0.007428340148180723
1033,0.007310607470571995
1034,0.007397311739623547
1035,0.007423142436891794
1036,0.007413035724312067
1037,0.008967244997620583
1038,0.0073929522186517715
1039,0.007852413691580296
1040,0.0074218157678842545
1041,0.008681016974151134
1042,0.0077917734161019325
1043,0.007617199327796698
1044,0.007627847604453564
1045,0.007702317088842392
1046,0.007456971798092127
1047,0.007322135381400585
1048,0.0072823683731257915
1049,0.007401337847113609
1050,0.009866781532764435
1051,0.009049537591636181
1052,0.008306657895445824
1053,0.008923378773033619
1054,0.00905121024698019
1055,0.009057260118424892
1056,0.008144224993884563
1057,0.0076817795634269714
1058,0.010583429597318172
1059,0.009180136024951935
1060,0.008029760792851448
1061,0.007853616960346699
1062,0.009237326681613922
1063,0.00824910867959261
1064,0.007815083488821983
1065,0.009657761082053185
1066,0.007918001152575016
1067,0.008130445145070553
1068,0.008573602885007858
1069,0.007760369218885899
1070,0.0076910387724637985
1071,0.007698830217123032
1072,0.008892233483493328
1073,0.007881547324359417
1074,0.007541302125900984
1075,0.00753753911703825
1076,0.008401283994317055
1077,0.007375629618763924
1078,0.007352870889008045
1079,0.007308942265808582
1080,0.007312172092497349
1081,0.00879217404872179
1082,0.007772937882691622
1083,0.008061974309384823
1084,0.008175765164196491
1085,0.007589890621602535
1086,0.0076270075514912605
1087,0.00792674720287323
1088,0.00896119512617588
1089,0.007404226344078779
1090,0.00830073468387127
1091,0.007217573933303356
1092,0.007197380997240543
1093,0.008787336759269238
1094,0.007608255371451378
1095,0.008303959853947163
1096,0.007558256387710571
1097,0.00773276761174202
1098,0.007407565135508776
1099,0.008074463345110416
1100,0.00740873022004962
1101,0.008414918556809425
1102,0.0074744983576238155
1103,0.007883881218731403
1104,0.007382388226687908
1105,0.007385659962892532
1106,0.0078292740508914
1107,0.007564514875411987
1108,0.007679012604057789
1109,0.008075974881649017
1110,0.007982886396348476
1111,0.007785698398947716
1112,0.009611393325030804
1113,0.007296094670891762
1114,0.008977830410003662
1115,0.007846354506909847
1116,0.007955667562782764
1117,0.009028599597513676
1118,0.007646280340850353
1119,0.0077172135934233665
1120,0.00783944595605135
1121,0.0077041685581207275
1122,0.00848148763179779
1123,0.007618249859660864
1124,0.0075898063369095325
1125,0.007631131447851658
1126,0.007588891312479973
1127,0.008378414437174797
1128,0.009238096885383129
1129,0.007832445204257965
1130,0.008503219112753868
1131,0.008321681059896946
1132,0.008256422355771065
1133,0.008088311180472374
1134,0.008490159176290035
1135,0.008433716371655464
1136,0.00753352977335453
1137,0.007657341659069061
1138,0.007815565913915634
1139,0.007709681522101164
1140,0.008909500204026699
1141,0.0074616726487874985
1142,0.007386252284049988
1143,0.008524603210389614
1144,0.007900203578174114
1145,0.008170358836650848
1146,0.008829518221318722
1147,0.008761206641793251
1148,0.008691869676113129
1149,0.008659498766064644
1150,0.010205664671957493
1151,0.009210187010467052
1152,0.008196472190320492
1153,0.008628725074231625
1154,0.009263115003705025
1155,0.008387803100049496
1156,0.007764444686472416
1157,0.008021407760679722
1158,0.0083263935521245
1159,0.007679575588554144
1160,0.011170284822583199
1161,0.00786890834569931
1162,0.00813074130564928
1163,0.007991356775164604
1164,0.008015546016395092
1165,0.008281832560896873
1166,0.007754202000796795
1167,0.007907832972705364
1168,0.007942147552967072
1169,0.007610796485096216
1170,0.007287685759365559
1171,0.00734009500592947
1172,0.00779571570456028
1173,0.007674696389585733
1174,0.007654856890439987
1175,0.011026392690837383
1176,0.00822537299245596
1177,0.008268142119050026
1178,0.007965168915688992
1179,0.008276187814772129
1180,0.008680641651153564
1181,0.007994878105819225
1182,0.007778365630656481
1183,0.009036890231072903
1184,0.00763122970238328
1185,0.007582200691103935
1186,0.007368895225226879
1187,0.007434576749801636
1188,0.008265371434390545
1189,0.00764300674200058
1190,0.007665702141821384
1191,0.0076215737499296665
1192,0.007998501881957054
1193,0.007819017395377159
1194,0.00911762099713087
1195,0.007985790260136127
1196,0.00964600034058094
1197,0.009356974624097347
1198,0.008000806905329227
1199,0.0089592095464468
1200,0.008507110178470612
1201,0.008750040084123611
1202,0.008145187981426716
1203,0.007558467797935009
1204,0.008580528199672699
1205,0.008577177301049232
1206,0.008375470526516438
1207,0.008272036910057068
1208,0.008562378585338593
1209,0.009106138721108437
1210,0.009611979126930237
1211,0.009218159131705761
1212,0.008236641064286232
1213,0.008638125844299793
1214,0.01137406937777996
1215,0.011527017690241337
1216,0.0111361313611269
1217,0.008085675537586212
1218,0.008483405224978924
1219,0.00874033197760582
1220,0.008070879615843296
1221,0.00753041310235858
1222,0.0075748679228127
1223,0.007746529765427113
1224,0.01030580885708332
1225,0.008285158313810825
1226,0.011290195398032665
1227,0.008334605023264885
1228,0.01056396123021841
1229,0.01013078261166811
1230,0.008708725683391094
1231,0.008220640942454338
1232,0.008541950955986977
1233,0.00823252834379673
1234,0.008001603186130524
1235,0.009857064113020897
1236,0.009891023859381676
1237,0.008165951818227768
1238,0.007928941398859024
1239,0.008114524185657501
1240,0.007923755794763565
1241,0.007857432588934898
1242,0.010436170734465122
1243,0.007667190860956907
1244,0.007759402506053448
1245,0.00756625272333622
1246,0.007446132134646177
1247,0.007839792408049107
1248,0.007898207753896713
1249,0.007546436507254839
1250,0.007981134578585625
1251,0.008228090591728687
1252,0.007857110351324081
1253,0.007661938667297363
1254,0.008720616810023785
1255,0.010246478952467442
1256,0.008062589913606644
1257,0.009296760894358158
1258,0.009080957621335983
1259,0.009236025623977184
1260,0.008768917061388493
1261,0.010604864917695522
1262,0.00796446017920971
1263,0.00874317716807127
1264,0.008431422524154186
1265,0.008606034331023693
1266,0.008194351568818092
1267,0.008094997145235538
1268,0.007734505459666252
1269,0.010935496538877487
1270,0.010225487872958183
1271,0.007610993925482035
1272,0.009423895739018917
1273,0.008260158821940422
1274,0.007670499384403229
1275,0.009274558164179325
1276,0.007582824677228928
1277,0.007902296259999275
1278,0.007694389671087265
1279,0.008492542430758476
1280,0.007858902215957642
1281,0.007664871867746115
1282,0.007730273995548487
1283,0.007720975670963526
1284,0.011198514141142368
1285,0.007465335540473461
1286,0.007325339131057262
1287,0.007342577446252108
1288,0.00744680454954505
1289,0.007599315606057644
1290,0.0079724732786417
1291,0.007712339051067829
1292,0.007507055997848511
1293,0.008608355186879635
1294,0.00936729833483696
1295,0.0074526662938296795
1296,0.0075745051726698875
1297,0.009067898616194725
1298,0.007235681638121605
1299,0.0074205850251019
1300,0.007873067632317543
1301,0.007670999970287085
1302,0.007468293886631727
1303,0.007464338559657335
1304,0.009195517748594284
1305,0.007543008308857679
1306,0.007391797844320536
1307,0.007495106663554907
1308,0.008933326229453087
1309,0.00824480690062046
1310,0.007633196655660868
1311,0.009066827595233917
1312,0.00853786338120699
1313,0.007687417324632406
1314,0.008887089788913727
1315,0.007912497967481613
1316,0.007901797071099281
1317,0.007920868694782257
1318,0.0076739550568163395
1319,0.008033880963921547
1320,0.0077429055236279964
1321,0.00782935880124569
1322,0.007587685715407133
1323,0.007464160677045584
1324,0.0075536081567406654
1325,0.007901052013039589
1326,0.007325856480747461
1327,0.008012838661670685
1328,0.009641039185225964
1329,0.008027118630707264
1330,0.008043701760470867
1331,0.007732678670436144
1332,0.007331181783229113
1333,0.0074610840529203415
1334,0.00727118831127882
1335,0.007777485065162182
1336,0.007964706979691982
1337,0.008284199051558971
1338,0.008105885237455368
1339,0.0086616650223732
1340,0.007920700125396252
1341,0.009490643627941608
1342,0.007986359298229218
1343,0.008498894982039928
1344,0.009448426775634289
1345,0.010332304053008556
1346,0.008658512495458126
1347,0.008390883915126324
1348,0.008233599364757538
1349,0.008041906170547009
1350,0.00837432499974966
1351,0.007514955475926399
1352,0.010581934824585915
1353,0.008053242228925228
1354,0.008701292797923088
1355,0.00837874785065651
1356,0.008358863182365894
1357,0.008523116819560528
1358,0.008711285889148712
1359,0.008697236888110638
1360,0.008497633971273899
1361,0.008451490662992
1362,0.007966669276356697
1363,0.007680417038500309
1364,0.007528954651206732
1365,0.007528122514486313
1366,0.0074445935897529125
1367,0.007731305900961161
1368,0.009453695267438889
1369,0.007514729164540768
1370,0.008078547194600105
1371,0.007691961247473955
1372,0.009894192218780518
1373,0.008064446970820427
1374,0.008067617192864418
1375,0.007884510792791843
1376,0.00784926675260067
1377,0.007770934142172337
1378,0.007550934795290232
1379,0.007796908728778362
1380,0.011117752641439438
1381,0.009061522781848907
1382,0.008716928772628307
1383,0.008937977254390717
1384,0.009162452071905136
1385,0.009293362498283386
1386,0.00909635704010725
1387,0.010185151360929012
1388,0.008724578656256199
1389,0.008108489215373993
1390,0.007893902249634266
1391,0.007684484589844942
1392,0.010438191704452038
1393,0.008069191128015518
1394,0.007769204210489988
1395,0.009646419435739517
1396,0.007676728069782257
1397,0.007443585898727179
1398,0.0089865168556571
1399,0.007750763092190027
1400,0.007951870560646057
1401,0.0074308267794549465
1402,0.007406533230096102
1403,0.008997198194265366
1404,0.008178251795470715
1405,0.008196507580578327
1406,0.008230151608586311
1407,0.008690660819411278
1408,0.008084382861852646
1409,0.010485133156180382
1410,0.007809191942214966
1411,0.008131426759064198
1412,0.008304382674396038
1413,0.0081704156473279
1414,0.009968847967684269
1415,0.008047990500926971
1416,0.007896734401583672
1417,0.00794784165918827
1418,0.009417526423931122
1419,0.010475903749465942
1420,0.008117606863379478
1421,0.008107692003250122
1422,0.008749809116125107
1423,0.008445153012871742
1424,0.008026152849197388
1425,0.007666115183383226
1426,0.012322119437158108
1427,0.01110771857202053
1428,0.007954543456435204
1429,0.008521344512701035
1430,0.008637666702270508
1431,0.008178167045116425
1432,0.007820691913366318
1433,0.008909196592867374
1434,0.008477287366986275
1435,0.008478655479848385
1436,0.008515971712768078
1437,0.009088917635381222
1438,0.007824978791177273
1439,0.007560580503195524
1440,0.011831002309918404
1441,0.007778333965688944
1442,0.009314119815826416
1443,0.008795161731541157
1444,0.008704975247383118
1445,0.008706036023795605
1446,0.009316537529230118
1447,0.008906841278076172
1448,0.008075714111328125
1449,0.008409151807427406
1450,0.008169203996658325
1451,0.00786113366484642
1452,0.007894456386566162
1453,0.011022824794054031
1454,0.0077749257907271385
1455,0.008864881470799446
1456,0.007843023166060448
1457,0.0075841667130589485
1458,0.008858713321387768
1459,0.007689010351896286
1460,0.007684097625315189
1461,0.00760673126205802
1462,0.008623069152235985
1463,0.007523010019212961
1464,0.008486214093863964
1465,0.00768904946744442
1466,0.00758014153689146
1467,0.007514986675232649
1468,0.007801705040037632
1469,0.007527482695877552
1470,0.007731277961283922
1471,0.007924402132630348
1472,0.007706087082624435
1473,0.007646131794899702
1474,0.0072794207371771336
1475,0.007694814819842577
1476,0.010014635510742664
1477,0.007350360043346882
1478,0.007939761504530907
1479,0.0077875107526779175
1480,0.007774527184665203
1481,0.0076178619638085365
1482,0.0075951931066811085
1483,0.007426087278872728
1484,0.007261877879500389
1485,0.007823100313544273
1486,0.007395650260150433
1487,0.007866342552006245
1488,0.0075332704000175
1489,0.007357403635978699
1490,0.007250182330608368
1491,0.008083715103566647
1492,0.007896464318037033
1493,0.007496559526771307
1494,0.00746365450322628
1495,0.008325167000293732
1496,0.007362299598753452
1497,0.0071951341815292835
1498,0.007444410119205713
1499,0.007104258053004742
1500,0.008393424563109875
1501,0.007779447361826897
1502,0.007512371055781841
1503,0.007925678044557571
1504,0.00792299211025238
1505,0.007470002397894859
1506,0.008090394549071789
1507,0.008058744482696056
1508,0.007451207377016544
1509,0.0076596699655056
1510,0.00790424458682537
1511,0.0074262782000005245
1512,0.007489603478461504
1513,0.007415005937218666
1514,0.008358423598110676
1515,0.007761167827993631
1516,0.00757238594815135
1517,0.008916177786886692
1518,0.007477301172912121
1519,0.0073130070231854916
1520,0.00982211995869875
1521,0.007753673475235701
1522,0.00771565455943346
1523,0.007609164342284203
1524,0.007819456979632378
1525,0.007365366909652948
1526,0.007374468259513378
1527,0.007467744871973991
1528,0.0073656849563121796
1529,0.0077247475273907185
1530,0.007470919284969568
1531,0.007277526892721653
1532,0.010087531991302967
1533,0.008325926959514618
1534,0.010458025150001049
1535,0.008359585888683796
1536,0.010070094838738441
1537,0.009032792411744595
1538,0.008183707483112812
1539,0.008488669991493225
1540,0.007802835199981928
1541,0.007936453446745872
1542,0.00915012788027525
1543,0.008521836251020432
1544,0.01078230980783701
1545,0.008199510164558887
1546,0.008779516443610191
1547,0.009149610996246338
1548,0.008319081738591194
1549,0.008184993639588356
1550,0.007862431928515434
1551,0.007915263064205647
1552,0.00916565302759409
1553,0.00919822882860899
1554,0.009232312440872192
1555,0.00842683669179678
1556,0.007680341601371765
1557,0.009800692088901997
1558,0.009042124263942242
1559,0.009905911050736904
1560,0.008446674793958664
1561,0.008333506993949413
1562,0.00850601028650999
1563,0.011798301711678505
1564,0.007563591003417969
1565,0.010602956637740135
1566,0.0076421708799898624
1567,0.00742495758458972
1568,0.007489433512091637
1569,0.010115074925124645
1570,0.007465593051165342
1571,0.007532926741987467
1572,0.009288990870118141
1573,0.0075689819641411304
1574,0.0077486648224294186
1575,0.00790670420974493
1576,0.007713851518929005
1577,0.00765746645629406
1578,0.007832719944417477
1579,0.007642202079296112
1580,0.007851289585232735
1581,0.007903968915343285
1582,0.007791538722813129
1583,0.00764040369540453
1584,0.007550048176199198
1585,0.00851521734148264
1586,0.008597626350820065
1587,0.008127480745315552
1588,0.008301089517772198
1589,0.008864300325512886
1590,0.007831196300685406
1591,0.008417381905019283
1592,0.0076056658290326595
1593,0.0077133639715611935
1594,0.008623102679848671
1595,0.00795404240489006
1596,0.0072392248548567295
1597,0.007473460864275694
1598,0.0077963354997336864
1599,0.007495724596083164
1600,0.007229995913803577
1601,0.007224373519420624
1602,0.007265234366059303
1603,0.007399913854897022
1604,0.008132158778607845
1605,0.0076783206313848495
1606,0.008883781731128693
1607,0.009126560762524605
1608,0.008665738627314568
1609,0.008774088695645332
1610,0.007840110920369625
1611,0.008677464909851551
1612,0.0077162012457847595
1613,0.007473298814147711
1614,0.008761967532336712
1615,0.007302413694560528
1616,0.007214723154902458
1617,0.008200224488973618
1618,0.007156370207667351
1619,0.007215120829641819
1620,0.008277371525764465
1621,0.007209464907646179
1622,0.0072920601814985275
1623,0.007676568813621998
1624,0.00743228429928422
1625,0.007280061021447182
1626,0.007681232877075672
1627,0.00872035138309002
1628,0.0073473467491567135
1629,0.007401664275676012
1630,0.007846526801586151
1631,0.007825621403753757
1632,0.007492273114621639
1633,0.007505880668759346
1634,0.007968299090862274
1635,0.00738750072196126
1636,0.00733557902276516
1637,0.00902533158659935
1638,0.007363040931522846
1639,0.00732870539650321
1640,0.008657589554786682
1641,0.0073106796480715275
1642,0.007829248905181885
1643,0.007746279239654541
1644,0.007620387710630894
1645,0.008060511201620102
1646,0.007402991410344839
1647,0.007321064826101065
1648,0.0070824758149683475
1649,0.008908543735742569
1650,0.007861311547458172
1651,0.007775294594466686
1652,0.007990478537976742
1653,0.008212368935346603
1654,0.008662703447043896
1655,0.007593957707285881
1656,0.007588864304125309
1657,0.009248336777091026
1658,0.008306168019771576
1659,0.007767187897115946
1660,0.007936459966003895
1661,0.007439941633492708
1662,0.007444051094353199
1663,0.007148763630539179
1664,0.009529020637273788
1665,0.007629808969795704
1666,0.008049676194787025
1667,0.007817627862095833
1668,0.007321886718273163
1669,0.007511730771511793
1670,0.0075058662332594395
1671,0.007536040153354406
1672,0.007203605491667986
1673,0.00829629972577095
1674,0.007412411272525787
1675,0.007576832082122564
1676,0.007462263107299805
1677,0.008666245266795158
1678,0.007962526753544807
1679,0.007731438148766756
1680,0.007996117696166039
1681,0.007552092894911766
1682,0.008812452666461468
1683,0.008171605877578259
1684,0.00769213680177927
1685,0.0085104675963521
1686,0.007538334466516972
1687,0.008586202748119831
1688,0.00789777934551239
1689,0.007898341864347458
1690,0.008015699684619904
1691,0.0077425166964530945
1692,0.007655713241547346
1693,0.007775892037898302
1694,0.007535402663052082
1695,0.008137199096381664
1696,0.007494335062801838
1697,0.008988690562546253
1698,0.008535309694707394
1699,0.007342261262238026
1700,0.00801809411495924
1701,0.008077947422862053
1702,0.008268250152468681
1703,0.007960130460560322
1704,0.007629790343344212
1705,0.007828805595636368
1706,0.007381240837275982
1707,0.007439916953444481
1708,0.007547921035438776
1709,0.007367263548076153
1710,0.007351142354309559
1711,0.0074866292998194695
1712,0.007167787291109562
1713,0.0076742032542824745
1714,0.007185577880591154
1715,0.008528935723006725
1716,0.00737738236784935
1717,0.007441405672580004
1718,0.007671216037124395
1719,0.0074440003372728825
1720,0.007194306701421738
1721,0.007156215608119965
1722,0.00787283293902874
1723,0.007465391885489225
1724,0.007816638797521591
1725,0.007635273039340973
1726,0.007461396045982838
1727,0.007658557500690222
1728,0.007422455586493015
1729,0.0071932729333639145
1730,0.008300288580358028
1731,0.007741373032331467
1732,0.007634059526026249
1733,0.007518167607486248
1734,0.00713862432166934
1735,0.007787057664245367
1736,0.00772267859429121
1737,0.008644704706966877
1738,0.007723776623606682
1739,0.007585846818983555
1740,0.007196369580924511
1741,0.007340703159570694
1742,0.00817650742828846
1743,0.007116980385035276
1744,0.007051108404994011
1745,0.007049265783280134
1746,0.00755643006414175
1747,0.007648347876966
1748,0.009484469890594482
1749,0.008218559436500072
1750,0.008789321407675743
1751,0.009090597741305828
1752,0.008956502191722393
1753,0.00932321883738041
1754,0.008086164481937885
1755,0.008029937744140625
1756,0.009905247949063778
1757,0.00838467013090849
1758,0.008809419348835945
1759,0.008661098778247833
1760,0.00821048952639103
1761,0.009329105727374554
1762,0.009575421921908855
1763,0.009549704380333424
1764,0.008575523272156715
1765,0.00882640015333891
1766,0.00883928406983614
1767,0.008679685182869434
1768,0.008471881039440632
1769,0.00793527066707611
1770,0.013013571500778198
1771,0.011741381138563156
1772,0.008254332467913628
1773,0.00830855593085289
1774,0.00979376956820488
1775,0.009050598368048668
1776,0.0086288470774889
1777,0.008368462324142456
1778,0.010649219155311584
1779,0.008296728134155273
1780,0.008204417303204536
1781,0.00771484337747097
1782,0.0075454977340996265
1783,0.00907500647008419
1784,0.010229067876935005
1785,0.008857905864715576
1786,0.008046753704547882
1787,0.008831130340695381
1788,0.009016439318656921
1789,0.008135153912007809
1790,0.009588293731212616
1791,0.007755947299301624
1792,0.009941690601408482
1793,0.009559494443237782
1794,0.00823565386235714
1795,0.0088825523853302
1796,0.008988117799162865
1797,0.008878757245838642
1798,0.008077639155089855
1799,0.009489763528108597
1800,0.00815646629780531
1801,0.007884078659117222
1802,0.007612310349941254
1803,0.008295850828289986
1804,0.007520922459661961
1805,0.008469847962260246
1806,0.013142586685717106
1807,0.00795278511941433
1808,0.012683001346886158
1809,0.010192428715527058
1810,0.009123045951128006
1811,0.010146617889404297
1812,0.009570998139679432
1813,0.009257220663130283
1814,0.009554778225719929
1815,0.008232160471379757
1816,0.008098186925053596
1817,0.010694051161408424
1818,0.0077800750732421875
1819,0.00815435778349638
1820,0.008594891056418419
1821,0.008642179891467094
1822,0.0089922696352005
1823,0.008643918670713902
1824,0.008273933082818985
1825,0.00921405665576458
1826,0.009804957546293736
1827,0.007618641946464777
1828,0.008896641433238983
1829,0.008907414972782135
1830,0.007664230186492205
1831,0.008379307575523853
1832,0.0077695343643426895
1833,0.010609281249344349
1834,0.00816673506051302
1835,0.008687330409884453
1836,0.009455153718590736
1837,0.008658178150653839
1838,0.008319002576172352
1839,0.008287686854600906
1840,0.008326794020831585
1841,0.008180133067071438
1842,0.01019186433404684
1843,0.009087301790714264
1844,0.008199630305171013
1845,0.008690392598509789
1846,0.010223498567938805
1847,0.008775671012699604
1848,0.00867037009447813
1849,0.009003492072224617
1850,0.007929584942758083
1851,0.00799866858869791
1852,0.010037004947662354
1853,0.007965353317558765
1854,0.007497298996895552
1855,0.009928198531270027
1856,0.00787229835987091
1857,0.007826482877135277
1858,0.00798873882740736
1859,0.007853604853153229
1860,0.008513489738106728
1861,0.008217629045248032
1862,0.007596921641379595
1863,0.007577127311378717
1864,0.009263290092349052
1865,0.008347954601049423
1866,0.007815167307853699
1867,0.007905462756752968
1868,0.007645218633115292
1869,0.008446571417152882
1870,0.007859935984015465
1871,0.007666938006877899
1872,0.007853697054088116
1873,0.0076062376610934734
1874,0.008012997917830944
1875,0.0075292401015758514
1876,0.007722425274550915
1877,0.007465843576937914
1878,0.008353550918400288
1879,0.007500611245632172
1880,0.007416400592774153
1881,0.0075959148816764355
1882,0.007808603346347809
1883,0.008009111508727074
1884,0.007802605628967285
1885,0.00806063786149025
1886,0.007895099930465221
1887,0.009912949986755848
1888,0.0073158228769898415
1889,0.007375191897153854
1890,0.00740234786644578
1891,0.007403611671179533
1892,0.008383369073271751
1893,0.007400037255138159
1894,0.007591873407363892
1895,0.007355275563895702
1896,0.007103326264768839
1897,0.007332449313253164
1898,0.007643041200935841
1899,0.009057615883648396
1900,0.007534330245107412
1901,0.00762759568169713
1902,0.007679889444261789
1903,0.007267623674124479
1904,0.007346287369728088
1905,0.00728850532323122
1906,0.008232933469116688
1907,0.0074022007174789906
1908,0.007678213529288769
1909,0.007499660365283489
1910,0.009015893563628197
1911,0.007374322973191738
1912,0.007564843632280827
1913,0.0071326433680951595
1914,0.0070457481779158115
1915,0.007940128445625305
1916,0.0069844089448452
1917,0.007546287961304188
1918,0.0073137166909873486
1919,0.007401235401630402
1920,0.00734343659132719
1921,0.007794436998665333
1922,0.007371237967163324
1923,0.007164502050727606
1924,0.0074443998746573925
1925,0.0078012458980083466
1926,0.008171978406608105
1927,0.008092334493994713
1928,0.008263952098786831
1929,0.007665418088436127
1930,0.00794275663793087
1931,0.007832064293324947
1932,0.00762690557166934
1933,0.007971199229359627
1934,0.00781180988997221
1935,0.007406482473015785
1936,0.01023012399673462
1937,0.007479403167963028
1938,0.008595584891736507
1939,0.007671833969652653
1940,0.007813379168510437
1941,0.007589501328766346
1942,0.009311621077358723
1943,0.009653755463659763
1944,0.007501804269850254
1945,0.007832023315131664
1946,0.00797705352306366
1947,0.00785354059189558
1948,0.007404271047562361
1949,0.008849496021866798
1950,0.00788674782961607
1951,0.007804862689226866
1952,0.008524253033101559
1953,0.009299089200794697
1954,0.008151556365191936
1955,0.008528182283043861
1956,0.008331787772476673
1957,0.007695804350078106
1958,0.007672002073377371
1959,0.007371802348643541
1960,0.008225166238844395
1961,0.01071737427264452
1962,0.008081908337771893
1963,0.009780646301805973
1964,0.008768666535615921
1965,0.008353590033948421
1966,0.009207801893353462
1967,0.009128179401159286
1968,0.008838350884616375
1969,0.008224026300013065
1970,0.009519487619400024
1971,0.00949317216873169
1972,0.012235299684107304
1973,0.008924250490963459
1974,0.008766737766563892
1975,0.009350551292300224
1976,0.009275098331272602
1977,0.00945255532860756
1978,0.009158691391348839
1979,0.011050693690776825
1980,0.010770732536911964
1981,0.0108938068151474
1982,0.008339639753103256
1983,0.009281665086746216
1984,0.010638372972607613
1985,0.01133463904261589
1986,0.009895318187773228
1987,0.00949142687022686
1988,0.008042010478675365
1989,0.008227764628827572
1990,0.009705706499516964
1991,0.008573698811233044
1992,0.011726617813110352
1993,0.008405739441514015
1994,0.0086617860943079
1995,0.009102007374167442
1996,0.009060871787369251
1997,0.008901447057723999
1998,0.008144130930304527
1999,0.01050478033721447
2000,0.008191244676709175
2001,0.008569125086069107
2002,0.008196661248803139
2003,0.008136595599353313
2004,0.011362898163497448
2005,0.008609197102487087
2006,0.007316293194890022
2007,0.007615436799824238
2008,0.007773682475090027
2009,0.007699033245444298
2010,0.009333238936960697
2011,0.007637198083102703
2012,0.007439992856234312
2013,0.00747737055644393
2014,0.008057677187025547
2015,0.007632661610841751
2016,0.007345413323491812
2017,0.007307830266654491
2018,0.007464094553142786
2019,0.0072613125666975975
2020,0.009058230556547642
2021,0.008246433921158314
2022,0.00760285509750247
2023,0.007340690121054649
2024,0.0075669256038963795
2025,0.008741656318306923
2026,0.00801985152065754
2027,0.007886521518230438
2028,0.008055776357650757
2029,0.008282026275992393
2030,0.007980959489941597
2031,0.008072923868894577
2032,0.007737369276583195
2033,0.007461106404662132
2034,0.007300812751054764
2035,0.007527140900492668
2036,0.00788151565939188
2037,0.007336047478020191
2038,0.007310235407203436
2039,0.007392293307930231
2040,0.00739172101020813
2041,0.007148144766688347
2042,0.00708730798214674
2043,0.007310925517231226
2044,0.008815314620733261
2045,0.007766580209136009
2046,0.0075643835589289665
2047,0.007621025666594505
2048,0.007328612729907036
2049,0.0070952801033854485
2050,0.008334868587553501
2051,0.00747570488601923
2052,0.007616701070219278
2053,0.007420872338116169
2054,0.007168907206505537
2055,0.00795686710625887
2056,0.008241810835897923
2057,0.007281001657247543
2058,0.0074703688733279705
2059,0.0074866763316094875
2060,0.006855408661067486
2061,0.0074514891020953655
2062,0.007365238852798939
2063,0.00869635958224535
2064,0.007466529030352831
2065,0.008811390027403831
2066,0.00795885268598795
2067,0.00815411377698183
2068,0.00786380935460329
2069,0.007545732893049717
2070,0.007433296646922827
2071,0.008374305441975594
2072,0.008142253383994102
2073,0.008679201826453209
2074,0.00908423587679863
2075,0.009051472879946232
2076,0.009891128167510033
2077,0.008138197474181652
2078,0.008640076965093613
2079,0.008964880369603634
2080,0.00918491929769516
2081,0.008833423256874084
2082,0.008720284327864647
2083,0.010865394957363605
2084,0.009800384752452374
2085,0.007752775680273771
2086,0.008756646886467934
2087,0.008540771901607513
2088,0.008221038617193699
2089,0.007906682789325714
2090,0.009701687842607498
2091,0.008007461205124855
2092,0.00764047633856535
2093,0.007532917894423008
2094,0.008610955439507961
2095,0.0076244366355240345
2096,0.007529657334089279
2097,0.007419678382575512
2098,0.007332212291657925
2099,0.007185636553913355
2100,0.009080212563276291
2101,0.008262081071734428
2102,0.00785327423363924
2103,0.007962746545672417
2104,0.007726507261395454
2105,0.007269015535712242
2106,0.011105420999228954
2107,0.008822944015264511
2108,0.009263272397220135
2109,0.00837366096675396
2110,0.007868306711316109
2111,0.009089372120797634
2112,0.009100383147597313
2113,0.00919860415160656
2114,0.008984762243926525
2115,0.00858534500002861
2116,0.009986643679440022
2117,0.0095581179484725
2118,0.0076004923321306705
2119,0.0078130466863513
2120,0.00768943689763546
2121,0.007655399385839701
2122,0.007967401295900345
2123,0.007680962327867746
2124,0.007844445295631886
2125,0.010384993627667427
2126,0.007574430666863918
2127,0.008100386708974838
2128,0.00872758124023676
2129,0.009338908828794956
2130,0.008878221735358238
2131,0.010300465859472752
2132,0.009247434325516224
2133,0.009130140766501427
2134,0.009187598712742329
2135,0.008182724006474018
2136,0.008651434443891048
2137,0.008796336129307747
2138,0.009138736873865128
2139,0.009254070930182934
2140,0.008174273185431957
2141,0.007908694446086884
2142,0.007951627485454082
2143,0.008130166679620743
2144,0.008021408692002296
2145,0.007724466733634472
2146,0.007509375922381878
2147,0.007672424428164959
2148,0.008571458049118519
2149,0.007548428140580654
2150,0.0074525815434753895
2151,0.0073677850887179375
2152,0.007182449102401733
2153,0.007240109145641327
2154,0.009745297022163868
2155,0.007531736046075821
2156,0.0077079595066607
2157,0.008111471310257912
2158,0.007137062959372997
2159,0.007247724570333958
2160,0.007950385101139545
2161,0.0073325419798493385
2162,0.00785294733941555
2163,0.008827393874526024
2164,0.007194998674094677
2165,0.007786755450069904
2166,0.007685829419642687
2167,0.007520119659602642
2168,0.007543724495917559
2169,0.00783957727253437
2170,0.007766383700072765
2171,0.007478625979274511
2172,0.0072097028605639935
2173,0.007396190892904997
2174,0.0072180284187197685
2175,0.0072666252963244915
2176,0.0071295821107923985
2177,0.00714913010597229
2178,0.00713790487498045
2179,0.007067742291837931
2180,0.0073600574396550655
2181,0.007143542170524597
2182,0.008330577053129673
2183,0.007371187210083008
2184,0.007604093756526709
2185,0.0074750096537172794
2186,0.008696255274116993
2187,0.007240866776555777
2188,0.007348097860813141
2189,0.007811988238245249
2190,0.007480907253921032
2191,0.007408701814711094
2192,0.007228855509310961
2193,0.007546319626271725
2194,0.007355735637247562
2195,0.007434128783643246
2196,0.00925176776945591
2197,0.007385063450783491
2198,0.007567381951957941
2199,0.008461443707346916
2200,0.009001301601529121
2201,0.008284513838589191
2202,0.007909053936600685
2203,0.007904871366918087
2204,0.0076309023424983025
2205,0.009470786899328232
2206,0.007555664516985416
2207,0.0086326003074646
2208,0.007910695858299732
2209,0.007779658772051334
2210,0.008229503408074379
2211,0.007996862754225731
2212,0.0084618479013443
2213,0.007862835191190243
2214,0.00747642619535327
2215,0.007683882024139166
2216,0.007888509891927242
2217,0.007528700865805149
2218,0.007681321352720261
2219,0.008476883172988892
2220,0.0075086201541125774
2221,0.007634539622813463
2222,0.007752078585326672
2223,0.008540277369320393
2224,0.007591031026095152
2225,0.0074643404223024845
2226,0.007862994447350502
2227,0.0071700261905789375
2228,0.007459726650267839
2229,0.007129637990146875
2230,0.008320602588355541
2231,0.007249760907143354
2232,0.007939761504530907
2233,0.007703303825110197
2234,0.007206765003502369
2235,0.00720610236749053
2236,0.007773120887577534
2237,0.007174169644713402
2238,0.008318789303302765
2239,0.007337633054703474
2240,0.007280905731022358
2241,0.00701255165040493
2242,0.00781355332583189
2243,0.00722585478797555
2244,0.007343167904764414
2245,0.007247239351272583
2246,0.007927016355097294
2247,0.0074946703389286995
2248,0.007329774089157581
2249,0.007279881741851568
2250,0.007440670859068632
2251,0.007439568638801575
2252,0.007034029811620712
2253,0.007175738923251629
2254,0.007437237072736025
2255,0.007023029960691929
2256,0.007648587226867676
2257,0.00756010040640831
2258,0.007549119181931019
2259,0.007328609935939312
2260,0.007454309146851301
2261,0.007227291353046894
2262,0.008326973766088486
2263,0.0074712843634188175
2264,0.007635170593857765
2265,0.007360068149864674
2266,0.007091959938406944
2267,0.007750126998871565
2268,0.007638676092028618
2269,0.00740088801831007
2270,0.009795265272259712
2271,0.009409870952367783
2272,0.00764383003115654
2273,0.008783774450421333
2274,0.007842871360480785
2275,0.007742768619209528
2276,0.008981063961982727
2277,0.007399686612188816
2278,0.007906565442681313
2279,0.007688742130994797
2280,0.007576244417577982
2281,0.007826755754649639
2282,0.0077271005138754845
2283,0.007496882230043411
2284,0.007896194234490395
2285,0.007399563677608967
2286,0.008033843711018562
2287,0.007209856528788805
2288,0.007076628040522337
2289,0.006988470908254385
2290,0.007109157275408506
2291,0.00702480785548687
2292,0.008598968386650085
2293,0.007156961597502232
2294,0.007217583246529102
2295,0.007104418706148863
2296,0.007262249477207661
2297,0.007933213375508785
2298,0.007464666850864887
2299,0.0073468610644340515
2300,0.007449531462043524
2301,0.007310163229703903
2302,0.007186287548393011
2303,0.007788825314491987
2304,0.007060574367642403
2305,0.0071841138415038586
2306,0.008255123160779476
2307,0.006968352012336254
2308,0.007221966981887817
2309,0.007347283884882927
2310,0.007336798124015331
2311,0.00896421354264021
2312,0.0071069663390517235
2313,0.0071602314710617065
2314,0.00781701598316431
2315,0.007264355197548866
2316,0.00797419436275959
2317,0.007305700797587633
2318,0.007294910494238138
2319,0.007081484422087669
2320,0.007507272996008396
2321,0.006948904134333134
2322,0.007072018925100565
2323,0.007002162281423807
2324,0.007340297102928162
2325,0.006886792369186878
2326,0.007332095876336098
2327,0.00732035469263792
2328,0.007182347122579813
2329,0.007300626952201128
2330,0.0071809799410402775
2331,0.007562059443444014
2332,0.007180381566286087
2333,0.007694381754845381
2334,0.007652987260371447
2335,0.0074812136590480804
2336,0.007275593467056751
2337,0.0070818690583109856
2338,0.007505788002163172
2339,0.007217198144644499
2340,0.006980487611144781
2341,0.007004103157669306
2342,0.0071120006032288074
2343,0.007023885380476713
2344,0.0069619109854102135
2345,0.006917263381183147
2346,0.006827094592154026
2347,0.008411876857280731
2348,0.009433403611183167
2349,0.007724289316684008
2350,0.00781973171979189
2351,0.008748178370296955
2352,0.009829895570874214
2353,0.00792776606976986
2354,0.007789079565554857
2355,0.009210299700498581
2356,0.009296531789004803
2357,0.00951248686760664
2358,0.00886697880923748
2359,0.007958626374602318
2360,0.007829916663467884
2361,0.00879979319870472
2362,0.007749090902507305
2363,0.009290013462305069
2364,0.008494870737195015
2365,0.008242340758442879
2366,0.008915740065276623
2367,0.008617877960205078
2368,0.009268789552152157
2369,0.007729317992925644
2370,0.007536471821367741
2371,0.008848803117871284
2372,0.007801515981554985
2373,0.009258972480893135
2374,0.007973267696797848
2375,0.007981429807841778
2376,0.007894166745245457
2377,0.009624684229493141
2378,0.007696382701396942
2379,0.007917877286672592
2380,0.007976043969392776
2381,0.00870766956359148
2382,0.009035222232341766
2383,0.008990418165922165
2384,0.008800815790891647
2385,0.008443154394626617
2386,0.010122734121978283
2387,0.008396657183766365
2388,0.008388539776206017
2389,0.007794901262968779
2390,0.008166487328708172
2391,0.008577863685786724
2392,0.007849558256566525
2393,0.00757243949919939
2394,0.007664392702281475
2395,0.007331303786486387
2396,0.009376526810228825
2397,0.007522072643041611
2398,0.007815800607204437
2399,0.0076278205960989
2400,0.007594120688736439
2401,0.007214046083390713
2402,0.007249362766742706
2403,0.011126735247671604
2404,0.008905163034796715
2405,0.008089346811175346
2406,0.0087405014783144
2407,0.008769925683736801
2408,0.008466034196317196
2409,0.01109572034329176
2410,0.007972635328769684
2411,0.008996170945465565
2412,0.008187443017959595
2413,0.007878868840634823
2414,0.008736416697502136
2415,0.008779795840382576
2416,0.008821459487080574
2417,0.009158333763480186
2418,0.009189163334667683
2419,0.009064959362149239
2420,0.007854154333472252
2421,0.008125262334942818
2422,0.008943792432546616
2423,0.007955309003591537
2424,0.008562657050788403
2425,0.007613918278366327
2426,0.007960730232298374
2427,0.007644712459295988
2428,0.007731865160167217
2429,0.007745604030787945
2430,0.007322091609239578
2431,0.007332841865718365
2432,0.007218802347779274
2433,0.00705790426582098
2434,0.007564459461718798
2435,0.0074676815420389175
2436,0.008534624241292477
2437,0.00777963362634182
2438,0.007793793920427561
2439,0.007783581968396902
2440,0.007489053066819906
2441,0.008114980533719063
2442,0.007221532054245472
2443,0.007538851350545883
2444,0.0075688897632062435
2445,0.00812734104692936
2446,0.007292355410754681
2447,0.0072912187315523624
2448,0.007291915360838175
2449,0.007323353551328182
2450,0.007074272260069847
2451,0.008927508257329464
2452,0.0073951492086052895
2453,0.007144683972001076
2454,0.007026307284832001
2455,0.008007624186575413
2456,0.007103771902620792
2457,0.007224963046610355
2458,0.0070932162925601006
2459,0.0073824855498969555
2460,0.007228487636893988
2461,0.00722920149564743
2462,0.007140601985156536
2463,0.00706613389775157
2464,0.00791426096111536
2465,0.007253292482346296
2466,0.007100758142769337
2467,0.007155274972319603
2468,0.0070876688696444035
2469,0.006960834376513958
2470,0.007035900838673115
2471,0.008347811177372932
2472,0.0070878369733691216
2473,0.007029373664408922
2474,0.007272409740835428
2475,0.007694073021411896
2476,0.007627010345458984
2477,0.010107663460075855
2478,0.00742208119481802
2479,0.00722861522808671
2480,0.007063540164381266
2481,0.008266612887382507
2482,0.0069408356212079525
2483,0.007248029112815857
2484,0.007221413776278496
2485,0.007289637811481953
2486,0.008539908565580845
2487,0.007572944741696119
2488,0.007624910678714514
2489,0.007595932111144066
2490,0.007471834309399128
2491,0.007628114894032478
2492,0.007859908044338226
2493,0.007248827256262302
2494,0.00703826081007719
2495,0.007215867750346661
2496,0.008560081012547016
2497,0.007622581906616688
2498,0.007295447401702404
2499,0.0071848295629024506
2500,0.006997610442340374
2501,0.007696446496993303
2502,0.008084489032626152
2503,0.007386202458292246
2504,0.007306660525500774
2505,0.007575614377856255
2506,0.007744362112134695
2507,0.007761604152619839
2508,0.008947250433266163
2509,0.00810668058693409
2510,0.008388216607272625
2511,0.008141999132931232
2512,0.008316319435834885
2513,0.008128480985760689
2514,0.0075688911601901054
2515,0.007374566048383713
2516,0.008516563102602959
2517,0.0074830492958426476
2518,0.007135667838156223
2519,0.007034782785922289
2520,0.007204361259937286
2521,0.006968263071030378
2522,0.009776797145605087
2523,0.007041480857878923
2524,0.0070530083030462265
2525,0.007154084276407957
2526,0.007653264328837395
2527,0.007028178311884403
2528,0.0070523531176149845
2529,0.007173031568527222
2530,0.007277537602931261
2531,0.007238647434860468
2532,0.007135849446058273
2533,0.007482938468456268
2534,0.006938662379980087
2535,0.007292407564818859
2536,0.007656063884496689
2537,0.007099614944308996
2538,0.007096011657267809
2539,0.008005574345588684
2540,0.007237432990223169
2541,0.006990975700318813
2542,0.007102868054062128
2543,0.007892012596130371
2544,0.007014972157776356
2545,0.007165716495364904
2546,0.007074411027133465
2547,0.007202367298305035
2548,0.007209010422229767
2549,0.00701590022072196
2550,0.006906411144882441
2551,0.007145182695239782
2552,0.00685916468501091
2553,0.006825482938438654
2554,0.006850917357951403
2555,0.006789034698158503
2556,0.00682444404810667
2557,0.007353332359343767
2558,0.006909448653459549
2559,0.007028711028397083
2560,0.007453303784132004
2561,0.006980174221098423
2562,0.0068954587914049625
2563,0.007003455888479948
2564,0.006825303193181753
2565,0.006868480704724789
2566,0.006919272243976593
2567,0.006871235556900501
2568,0.007153429090976715
2569,0.0070685031823813915
2570,0.007205069996416569
2571,0.007189791649580002
2572,0.007081708870828152
2573,0.00707330834120512
2574,0.00700409384444356
2575,0.008415530435740948
2576,0.007439031265676022
2577,0.0074271853081882
2578,0.007334581110626459
2579,0.007762061897665262
2580,0.007553672417998314
2581,0.0076677026227116585
2582,0.007416456937789917
2583,0.007896676659584045
2584,0.007538529112935066
2585,0.007278977427631617
2586,0.007948499172925949
2587,0.007103493437170982
2588,0.007137826178222895
2589,0.007213796488940716
2590,0.007350516505539417
2591,0.007623025681823492
2592,0.007421580143272877
2593,0.007402054965496063
2594,0.007583887781947851
2595,0.007429943419992924
2596,0.007721470203250647
2597,0.008108595386147499
2598,0.007174844853579998
2599,0.007191662210971117
2600,0.007813110947608948
2601,0.007674816995859146
2602,0.007479524705559015
2603,0.0085917292162776
2604,0.007774486672133207
2605,0.007078466005623341
2606,0.007001218385994434
2607,0.008060537278652191
2608,0.00791724119335413
2609,0.007457010447978973
2610,0.007473106496036053
2611,0.007924092002213001
2612,0.00763925164937973
2613,0.007496221456676722
2614,0.007044429890811443
2615,0.007514463271945715
2616,0.007026381324976683
2617,0.0069751800037920475
2618,0.007004038896411657
2619,0.00749337999150157
2620,0.006909260060638189
2621,0.006880722474306822
2622,0.006908344570547342
2623,0.006868164520710707
2624,0.007911311462521553
2625,0.00690029701218009
2626,0.007053631357848644
2627,0.006885292939841747
2628,0.006995762698352337
2629,0.007483826018869877
2630,0.0072806584648787975
2631,0.007058301940560341
2632,0.007041212171316147
2633,0.007224585860967636
2634,0.007734102196991444
2635,0.007438293658196926
2636,0.007000244688242674
2637,0.007802677806466818
2638,0.007236476056277752
2639,0.007280439138412476
2640,0.007110067643225193
2641,0.007054498884826899
2642,0.007167398929595947
2643,0.006884424015879631
2644,0.006832670420408249
2645,0.008290615864098072
2646,0.00694638304412365
2647,0.007083074655383825
2648,0.006985779851675034
2649,0.0069409930147230625
2650,0.006822173483669758
2651,0.0068984986282885075
2652,0.006797752808779478
2653,0.0073525793850421906
2654,0.006899324245750904
2655,0.006911646109074354
2656,0.007004848215728998
2657,0.006928323768079281
2658,0.006959220394492149
2659,0.007063021417707205
2660,0.007096168119460344
2661,0.00702623138204217
2662,0.007231714203953743
2663,0.007171929813921452
2664,0.006908395327627659
2665,0.006786156911402941
2666,0.006979464087635279
2667,0.007255041040480137
2668,0.006871194578707218
2669,0.0068564098328351974
2670,0.00698128342628479
2671,0.007408842910081148
2672,0.0069353012368083
2673,0.006979195401072502
2674,0.006957703270018101
2675,0.006930515635758638
2676,0.007167362608015537
2677,0.007893553003668785
2678,0.006985530257225037
2679,0.007192560005933046
2680,0.007139741908758879
2681,0.006972513161599636
2682,0.007157514803111553
2683,0.007491693831980228
2684,0.007536476477980614
2685,0.007179626263678074
2686,0.007508973591029644
2687,0.007639968302100897
2688,0.0072385286912322044
2689,0.00725457863882184
2690,0.00810470711439848
2691,0.008191660046577454
2692,0.007207454182207584
2693,0.007360356859862804
2694,0.007352699525654316
2695,0.008340572938323021
2696,0.007429876830428839
2697,0.007092316634953022
2698,0.007001202553510666
2699,0.007103924173861742
2700,0.00697475066408515
2701,0.0070828781463205814
2702,0.007003171369433403
2703,0.00789003074169159
2704,0.006873193196952343
2705,0.007143151015043259
2706,0.007304702419787645
2707,0.007250180933624506
2708,0.007429119199514389
2709,0.007636092137545347
2710,0.007554621435701847
2711,0.007326575927436352
2712,0.007262983359396458
2713,0.006930476985871792
2714,0.006925895810127258
2715,0.0069977520033717155
2716,0.0077788084745407104
2717,0.006939026527106762
2718,0.007682770490646362
2719,0.007102262228727341
2720,0.007210375741124153
2721,0.007041137665510178
2722,0.0071128541603684425
2723,0.007152382750064135
2724,0.007068192586302757
2725,0.008735490962862968
2726,0.007149414159357548
2727,0.006993676535785198
2728,0.006985585205256939
2729,0.007517960853874683
2730,0.007016169838607311
2731,0.007064103148877621
2732,0.007387970574200153
2733,0.00716013740748167
2734,0.007004996296018362
2735,0.007156656589359045
2736,0.006831583566963673
2737,0.007226414512842894
2738,0.007037502713501453
2739,0.007572229020297527
2740,0.006805979646742344
2741,0.0068804495967924595
2742,0.007063941098749638
2743,0.006858558859676123
2744,0.007396265864372253
2745,0.0072175380773842335
2746,0.006951420567929745
2747,0.007135144900530577
2748,0.007074839435517788
2749,0.006939348764717579
2750,0.0068840933963656425
2751,0.006801895797252655
2752,0.006820401176810265
2753,0.006755725480616093
2754,0.006715638563036919
2755,0.007746576331555843
2756,0.006812068168073893
2757,0.006823682691901922
2758,0.00709316274151206
2759,0.006785395089536905
2760,0.006873794831335545
2761,0.006659957580268383
2762,0.006796041503548622
2763,0.006837667431682348
2764,0.00677258986979723
2765,0.006668816786259413
2766,0.007520607672631741
2767,0.006920466665178537
2768,0.007052795495837927
2769,0.007075037807226181
2770,0.007026419043540955
2771,0.006906142923980951
2772,0.006859728135168552
2773,0.006797230336815119
2774,0.007055478170514107
2775,0.007067501079291105
2776,0.006895368453115225
2777,0.006901261396706104
2778,0.00676692882552743
2779,0.006838715635240078
2780,0.00702772056683898
2781,0.006907119415700436
2782,0.00690701836720109
2783,0.007209978997707367
2784,0.007101764902472496
2785,0.006918003316968679
2786,0.007226007990539074
2787,0.006812680512666702
2788,0.007334774825721979
2789,0.006832674145698547
2790,0.006865681614726782
2791,0.006847660057246685
2792,0.006845943629741669
2793,0.0068406700156629086
2794,0.006714838556945324
2795,0.007444828748703003
2796,0.0068036229349672794
2797,0.00690796971321106
2798,0.007130336947739124
2799,0.007151450030505657
2800,0.007064293138682842
2801,0.0072708576917648315
2802,0.007117492146790028
2803,0.006909951567649841
2804,0.006990988738834858
2805,0.007006899453699589
2806,0.0071159000508487225
2807,0.006795803550630808
2808,0.006998856086283922
2809,0.006856079678982496
2810,0.00676681287586689
2811,0.006789546925574541
2812,0.006953638046979904
2813,0.006759146228432655
2814,0.00684935599565506
2815,0.006778194103389978
2816,0.006726055406033993
2817,0.006664074957370758
2818,0.006697848904877901
2819,0.006683748681098223
2820,0.0067005278542637825
2821,0.006570903584361076
2822,0.006687709130346775
2823,0.007134674116969109
2824,0.006937154568731785
2825,0.006961257662624121
2826,0.007087318226695061
2827,0.006839264649897814
2828,0.006731650326400995
2829,0.006769008468836546
2830,0.007186285685747862
2831,0.006741863675415516
2832,0.006904913578182459
2833,0.006857430562376976
2834,0.006828921847045422
2835,0.0071116238832473755
2836,0.006747649982571602
2837,0.006743222009390593
2838,0.007140335161238909
2839,0.006829121150076389
2840,0.0069778673350811005
2841,0.006913662888109684
2842,0.007262991275638342
2843,0.006977999582886696
2844,0.006910665426403284
2845,0.007053470239043236
2846,0.0068533397279679775
2847,0.007384058088064194
2848,0.006678271573036909
2849,0.006810495164245367
2850,0.006845554336905479
2851,0.007026574108749628
2852,0.0067458124831318855
2853,0.007239983417093754
2854,0.006682196166366339
2855,0.006756410468369722
2856,0.006659552454948425
2857,0.006683050189167261
2858,0.006668041460216045
2859,0.007013191934674978
2860,0.006709768436849117
2861,0.006714362185448408
2862,0.006863951217383146
2863,0.006652234122157097
2864,0.006593924481421709
2865,0.006679701153188944
2866,0.007248059380799532
2867,0.006767370738089085
2868,0.006694883108139038
2869,0.006780354306101799
2870,0.006753591820597649
2871,0.006786182522773743
2872,0.006777091883122921
2873,0.006691087502986193
2874,0.006928464863449335
2875,0.006826363038271666
2876,0.006841514725238085
2877,0.006770839914679527
2878,0.0068235574290156364
2879,0.0068594180047512054
2880,0.007312088273465633
2881,0.00675136037170887
2882,0.006870623212307692
2883,0.006963807623833418
2884,0.006879392545670271
2885,0.006743825972080231
2886,0.00725507503375411
2887,0.007392034400254488
2888,0.007754200138151646
2889,0.007195360492914915
2890,0.007183351553976536
2891,0.007169988937675953
2892,0.007083754055202007
2893,0.007020209915935993
2894,0.006967277266085148
2895,0.006862432695925236
2896,0.00687671173363924
2897,0.006713151466101408
2898,0.006884556729346514
2899,0.007148901931941509
2900,0.006786721292883158
2901,0.006677743047475815
2902,0.006758502218872309
2903,0.006720464676618576
2904,0.006817007903009653
2905,0.006771874614059925
2906,0.006701522506773472
2907,0.006659041158854961
2908,0.006813679356127977
2909,0.006790445651859045
2910,0.006663061212748289
2911,0.006749340333044529
2912,0.006579982582479715
2913,0.006867550313472748
2914,0.006620980333536863
2915,0.006737635936588049
2916,0.006629562471061945
2917,0.006583815440535545
2918,0.006638494785875082
2919,0.006604311987757683
2920,0.00652279844507575
2921,0.006408604793250561
2922,0.006748410873115063
2923,0.006657400168478489
2924,0.006751901004463434
2925,0.00663076713681221
2926,0.006718289107084274
2927,0.006731125060468912
2928,0.006749760825186968
2929,0.006658651866018772
2930,0.006782878190279007
2931,0.006734286900609732
2932,0.006645090412348509
2933,0.006602500565350056
2934,0.006672563496977091
2935,0.006645227782428265
2936,0.006667990703135729
2937,0.006608894094824791
2938,0.006647393573075533
2939,0.0066332644782960415
2940,0.006719348020851612
2941,0.006687826011329889
2942,0.007134087383747101
2943,0.006642629392445087
2944,0.006599589716643095
2945,0.006776435300707817
2946,0.006733281537890434
2947,0.006667394656687975
2948,0.006697493139654398
2949,0.006691030692309141
2950,0.0066148266196250916
2951,0.007015788462013006
2952,0.0068044806830585
2953,0.006834505591541529
2954,0.006780725903809071
2955,0.007043412886559963
2956,0.006712500471621752
2957,0.006678266916424036
2958,0.006689780857414007
2959,0.007086696568876505
2960,0.006761850789189339
2961,0.006678822450339794
2962,0.00671561760827899
2963,0.006663545500487089
2964,0.006719805300235748
2965,0.006661705207079649
2966,0.006657789461314678
2967,0.006867387797683477
2968,0.006618957035243511
2969,0.0069839488714933395
2970,0.006591993384063244
2971,0.006645764224231243
2972,0.006701093167066574
2973,0.006768129765987396
2974,0.0066838813945651054
2975,0.006655295379459858
2976,0.006939050741493702
2977,0.006667834706604481
2978,0.006724661216139793
2979,0.006488061975687742
2980,0.006564936134964228
2981,0.007021335884928703
2982,0.006652718409895897
2983,0.00661605317145586
2984,0.006601738277822733
2985,0.006595785729587078
2986,0.0068436795845627785
2987,0.006837262772023678
2988,0.00656452402472496
2989,0.006696115247905254
2990,0.006838361732661724
2991,0.006849308498203754
2992,0.006662879604846239
2993,0.006664407439529896
2994,0.006632301025092602
2995,0.006614082492887974
2996,0.006603261921554804
2997,0.006590317003428936
2998,0.00672415504232049
2999,0.006638914346694946
