it_global,loss
0,0.1852627843618393
1,0.18477016687393188
2,0.18428975343704224
3,0.18382111191749573
4,0.18336305022239685
5,0.18291571736335754
6,0.18247753381729126
7,0.1820470243692398
8,0.18162453174591064
9,0.18120691180229187
10,0.18079179525375366
11,0.1803775429725647
12,0.17996294796466827
13,0.17954617738723755
14,0.17912644147872925
15,0.17870154976844788
16,0.17827095091342926
17,0.17783397436141968
18,0.1773897409439087
19,0.17693893611431122
20,0.17648226022720337
21,0.17601913213729858
22,0.1755491942167282
23,0.17507323622703552
24,0.17459191381931305
25,0.17410440742969513
26,0.17361073195934296
27,0.17311137914657593
28,0.17260631918907166
29,0.17209585011005402
30,0.18542352318763733
31,0.1848633885383606
32,0.18430855870246887
33,0.18375933170318604
34,0.1832168996334076
35,0.18268120288848877
36,0.1821528822183609
37,0.18163156509399414
38,0.18111750483512878
39,0.1806105375289917
40,0.1801098883152008
41,0.17961551249027252
42,0.1791263222694397
43,0.17864224314689636
44,0.1781618595123291
45,0.17768403887748718
46,0.1772068291902542
47,0.1767289787530899
48,0.1762492060661316
49,0.17576567828655243
50,0.1752769947052002
51,0.17478211224079132
52,0.17427946627140045
53,0.17376834154129028
54,0.1732485443353653
55,0.17272168397903442
56,0.17218780517578125
57,0.171648308634758
58,0.1711035817861557
59,0.1705542802810669
60,0.18570992350578308
61,0.185202494263649
62,0.18470405042171478
63,0.18421438336372375
64,0.18373364210128784
65,0.18326285481452942
66,0.18280206620693207
67,0.1823517382144928
68,0.18191000819206238
69,0.1814749538898468
70,0.18104441463947296
71,0.18061630427837372
72,0.18018841743469238
73,0.1797591894865036
74,0.17932644486427307
75,0.17888900637626648
76,0.17844627797603607
77,0.17799729108810425
78,0.17754092812538147
79,0.177077978849411
80,0.176608145236969
81,0.17613157629966736
82,0.17564797401428223
83,0.17515799403190613
84,0.17466197907924652
85,0.17416024208068848
86,0.17365337908267975
87,0.17314070463180542
88,0.17262232303619385
89,0.17209841310977936
90,0.18617695569992065
91,0.18565303087234497
92,0.18514056503772736
93,0.18463894724845886
94,0.1841479241847992
95,0.18366709351539612
96,0.18319560587406158
97,0.18273168802261353
98,0.18227362632751465
99,0.18182127177715302
100,0.18137414753437042
101,0.18093112111091614
102,0.1804918497800827
103,0.18005487322807312
104,0.17961974442005157
105,0.1791853904724121
106,0.17875084280967712
107,0.17831528186798096
108,0.17787683010101318
109,0.17743408679962158
110,0.17698614299297333
111,0.17653261125087738
112,0.17607247829437256
113,0.17560558021068573
114,0.17513179779052734
115,0.17465059459209442
116,0.17416244745254517
117,0.17366725206375122
118,0.1731652021408081
119,0.1726560890674591
120,0.1851269006729126
121,0.18465059995651245
122,0.18418292701244354
123,0.1837262660264969
124,0.18327918648719788
125,0.18284094333648682
126,0.1824093461036682
127,0.18198290467262268
128,0.18156075477600098
129,0.18114197254180908
130,0.18072465062141418
131,0.1803077757358551
132,0.1798909604549408
133,0.17947329580783844
134,0.17905431985855103
135,0.17863288521766663
136,0.17820721864700317
137,0.17777712643146515
138,0.17734214663505554
139,0.17690065503120422
140,0.17645277082920074
141,0.17599859833717346
142,0.17553848028182983
143,0.17507214844226837
144,0.17459946870803833
145,0.17412033677101135
146,0.1736353039741516
147,0.17314459383487701
148,0.17264842987060547
149,0.17214587330818176
150,0.18672823905944824
151,0.1862054169178009
152,0.1856905072927475
153,0.18518537282943726
154,0.18468889594078064
155,0.1842000037431717
156,0.18371888995170593
157,0.18324440717697144
158,0.1827748417854309
159,0.18230904638767242
160,0.18184639513492584
161,0.18138734996318817
162,0.18092967569828033
163,0.1804722398519516
164,0.18001505732536316
165,0.1795577108860016
166,0.17910103499889374
167,0.17864352464675903
168,0.17818531394004822
169,0.1777261346578598
170,0.1772644817829132
171,0.17679941654205322
172,0.17633068561553955
173,0.17585718631744385
174,0.1753787100315094
175,0.17489475011825562
176,0.17440584301948547
177,0.17391198873519897
178,0.17341244220733643
179,0.17290717363357544
180,0.1865633726119995
181,0.18599939346313477
182,0.18544331192970276
183,0.1848968118429184
184,0.18435907363891602
185,0.18383008241653442
186,0.18331074714660645
187,0.18280181288719177
188,0.1823023408651352
189,0.18181326985359192
190,0.18133442103862762
191,0.18086402118206024
192,0.18039928376674652
193,0.17993786931037903
194,0.17947924137115479
195,0.17902211844921112
196,0.17856493592262268
197,0.17810562252998352
198,0.17764344811439514
199,0.17717677354812622
200,0.1767055243253708
201,0.17622962594032288
202,0.1757485270500183
203,0.1752617061138153
204,0.1747686117887497
205,0.17426946759223938
206,0.1737648993730545
207,0.17325517535209656
208,0.17274045944213867
209,0.17222055792808533
210,0.18508446216583252
211,0.18454614281654358
212,0.1840190589427948
213,0.18350332975387573
214,0.18300020694732666
215,0.182510644197464
216,0.1820337027311325
217,0.18156935274600983
218,0.18111461400985718
219,0.18066740036010742
220,0.18022587895393372
221,0.17978760600090027
222,0.1793510466814041
223,0.17891450226306915
224,0.17847710847854614
225,0.1780368685722351
226,0.17759281396865845
227,0.17714270949363708
228,0.176687091588974
229,0.17622493207454681
230,0.17575697600841522
231,0.17528243362903595
232,0.17480134963989258
233,0.17431440949440002
234,0.1738218069076538
235,0.1733240783214569
236,0.17282134294509888
237,0.17231352627277374
238,0.1718006283044815
239,0.17128191888332367
240,0.18517912924289703
241,0.18463993072509766
242,0.1841105818748474
243,0.18358877301216125
244,0.1830746829509735
245,0.1825695037841797
246,0.18207311630249023
247,0.18158575892448425
248,0.18110685050487518
249,0.18063510954380035
250,0.18016818165779114
251,0.1797039657831192
252,0.17923972010612488
253,0.17877376079559326
254,0.17830520868301392
255,0.1778322458267212
256,0.17735536396503448
257,0.1768740713596344
258,0.17638888955116272
259,0.1758994460105896
260,0.1754056215286255
261,0.174908846616745
262,0.1744089424610138
263,0.173905149102211
264,0.1733967363834381
265,0.17288443446159363
266,0.17236724495887756
267,0.17184476554393768
268,0.17131736874580383
269,0.17078354954719543
270,0.185577392578125
271,0.18506601452827454
272,0.18456360697746277
273,0.18407028913497925
274,0.18358789384365082
275,0.18311485648155212
276,0.18265092372894287
277,0.1821964979171753
278,0.18175002932548523
279,0.18131116032600403
280,0.18087729811668396
281,0.1804465651512146
282,0.18001842498779297
283,0.17959155142307281
284,0.17916494607925415
285,0.178737610578537
286,0.17830906808376312
287,0.17787832021713257
288,0.1774442195892334
289,0.17700687050819397
290,0.17656534910202026
291,0.1761193722486496
292,0.17566871643066406
293,0.1752128303050995
294,0.1747508943080902
295,0.17428258061408997
296,0.17380762100219727
297,0.17332664132118225
298,0.17283934354782104
299,0.17234595119953156
300,0.184683695435524
301,0.18421420454978943
302,0.18375715613365173
303,0.18331241607666016
304,0.18287794291973114
305,0.18245264887809753
306,0.18203571438789368
307,0.181625634431839
308,0.18122127652168274
309,0.1808203160762787
310,0.1804204285144806
311,0.18002024292945862
312,0.17961806058883667
313,0.1792123019695282
314,0.17880140244960785
315,0.17838531732559204
316,0.17796361446380615
317,0.17753592133522034
318,0.17710308730602264
319,0.1766652911901474
320,0.17622306942939758
321,0.17577669024467468
322,0.17532598972320557
323,0.1748703122138977
324,0.17440959811210632
325,0.1739441603422165
326,0.17347392439842224
327,0.172998309135437
328,0.17251774668693542
329,0.17203152179718018
330,0.1849396824836731
331,0.18444831669330597
332,0.18396465480327606
333,0.1834908127784729
334,0.18302620947360992
335,0.18256936967372894
336,0.18211835622787476
337,0.18167155981063843
338,0.18122762441635132
339,0.18078503012657166
340,0.18034091591835022
341,0.17989444732666016
342,0.179446280002594
343,0.1789962351322174
344,0.17854377627372742
345,0.17808863520622253
346,0.17763036489486694
347,0.177168607711792
348,0.17670291662216187
349,0.1762329339981079
350,0.1757575273513794
351,0.1752764880657196
352,0.17478953301906586
353,0.1742962896823883
354,0.1737968623638153
355,0.1732909381389618
356,0.1727781891822815
357,0.17225834727287292
358,0.17173165082931519
359,0.17119799554347992
360,0.18491989374160767
361,0.18444254994392395
362,0.18397364020347595
363,0.18351498246192932
364,0.1830662041902542
365,0.18262675404548645
366,0.1821979284286499
367,0.18177956342697144
368,0.18136948347091675
369,0.1809639185667038
370,0.18056058883666992
371,0.18015636503696442
372,0.17974911630153656
373,0.17933757603168488
374,0.17892000079154968
375,0.17849668860435486
376,0.17806819081306458
377,0.17763426899909973
378,0.17719542980194092
379,0.17675185203552246
380,0.17630498111248016
381,0.1758548617362976
382,0.17540080845355988
383,0.1749434918165207
384,0.17448201775550842
385,0.17401546239852905
386,0.17354300618171692
387,0.17306335270404816
388,0.17257648706436157
389,0.17208231985569
390,0.1846519410610199
391,0.18416401743888855
392,0.18368613719940186
393,0.18321819603443146
394,0.18275940418243408
395,0.18231059610843658
396,0.18187116086483002
397,0.18144017457962036
398,0.1810148060321808
399,0.18059362471103668
400,0.18017427623271942
401,0.17975562810897827
402,0.1793355792760849
403,0.17891252040863037
404,0.17848628759384155
405,0.1780557930469513
406,0.17762057483196259
407,0.17717981338500977
408,0.17673417925834656
409,0.17628349363803864
410,0.17582787573337555
411,0.17536607384681702
412,0.17489804327487946
413,0.17442366480827332
414,0.17394334077835083
415,0.1734565645456314
416,0.1729644238948822
417,0.17246633768081665
418,0.17196163535118103
419,0.1714497208595276
420,0.1838257610797882
421,0.18332701921463013
422,0.18284019827842712
423,0.1823662966489792
424,0.18190284073352814
425,0.18144741654396057
426,0.18099857866764069
427,0.18055585026741028
428,0.18011806905269623
429,0.17968198657035828
430,0.17924714088439941
431,0.17881201207637787
432,0.17837607860565186
433,0.17793838679790497
434,0.177498459815979
435,0.17705678939819336
436,0.1766124963760376
437,0.17616498470306396
438,0.17571358382701874
439,0.17525778710842133
440,0.17479708790779114
441,0.17433129251003265
442,0.17385932803153992
443,0.17338091135025024
444,0.17289654910564423
445,0.17240621149539948
446,0.17191007733345032
447,0.1714078187942505
448,0.17089971899986267
449,0.17038625478744507
450,0.183689147233963
451,0.18319538235664368
452,0.1827113926410675
453,0.1822374165058136
454,0.18177178502082825
455,0.18131431937217712
456,0.1808638870716095
457,0.18041986227035522
458,0.17998084425926208
459,0.1795451045036316
460,0.17911028861999512
461,0.17867587506771088
462,0.17823879420757294
463,0.1777980625629425
464,0.1773533821105957
465,0.17690445482730865
466,0.17645081877708435
467,0.175991952419281
468,0.1755283623933792
469,0.1750597357749939
470,0.17458683252334595
471,0.17410960793495178
472,0.17362761497497559
473,0.17314118146896362
474,0.17264977097511292
475,0.17215313017368317
476,0.17165181040763855
477,0.1711447536945343
478,0.1706320345401764
479,0.17011383175849915
480,0.18604475259780884
481,0.18551191687583923
482,0.18498852849006653
483,0.1844763159751892
484,0.18397414684295654
485,0.18348316848278046
486,0.18300440907478333
487,0.18253818154335022
488,0.18208296597003937
489,0.1816379725933075
490,0.1812020242214203
491,0.1807727813720703
492,0.1803482323884964
493,0.17992562055587769
494,0.17950382828712463
495,0.17908132076263428
496,0.1786559671163559
497,0.1782265156507492
498,0.1777912974357605
499,0.1773492991924286
500,0.17689964175224304
501,0.17644262313842773
502,0.17597956955432892
503,0.17551034688949585
504,0.17503556609153748
505,0.17455507814884186
506,0.17406950891017914
507,0.17357893288135529
508,0.1730833649635315
509,0.17258255183696747
510,0.1857779175043106
511,0.18530943989753723
512,0.1848507821559906
513,0.18440181016921997
514,0.18396097421646118
515,0.1835266351699829
516,0.1830972284078598
517,0.1826711744070053
518,0.18224868178367615
519,0.18182861804962158
520,0.18141014873981476
521,0.1809929609298706
522,0.18057730793952942
523,0.1801624745130539
524,0.17974691092967987
525,0.17932921648025513
526,0.17890924215316772
527,0.1784854382276535
528,0.17805729806423187
529,0.1776244193315506
530,0.17718645930290222
531,0.1767430603504181
532,0.17629474401474
533,0.1758410930633545
534,0.17538180947303772
535,0.17491674423217773
536,0.17444613575935364
537,0.17397022247314453
538,0.17348825931549072
539,0.17300012707710266
540,0.18451881408691406
541,0.1840249001979828
542,0.18354293704032898
543,0.1830706000328064
544,0.18260878324508667
545,0.18215733766555786
546,0.18171539902687073
547,0.18128140270709991
548,0.180853009223938
549,0.18042804300785065
550,0.18000319600105286
551,0.1795755922794342
552,0.17914438247680664
553,0.17870885133743286
554,0.1782689094543457
555,0.17782583832740784
556,0.17738057672977448
557,0.17693302035331726
558,0.17648352682590485
559,0.17603152990341187
560,0.1755768209695816
561,0.17511802911758423
562,0.17465388774871826
563,0.17418357729911804
564,0.1737052947282791
565,0.1732192039489746
566,0.17272430658340454
567,0.17222122848033905
568,0.1717102825641632
569,0.17119082808494568
570,0.18486668169498444
571,0.18435262143611908
572,0.18385188281536102
573,0.18336576223373413
574,0.1828944981098175
575,0.1824369579553604
576,0.1819920837879181
577,0.18155692517757416
578,0.18113064765930176
579,0.18071132898330688
580,0.1802978813648224
581,0.17988935112953186
582,0.17948421835899353
583,0.17908084392547607
584,0.17867788672447205
585,0.17827361822128296
586,0.1778656542301178
587,0.17745330929756165
588,0.17703565955162048
589,0.1766112744808197
590,0.1761801540851593
591,0.17574265599250793
592,0.1752994954586029
593,0.17485234141349792
594,0.17440170049667358
595,0.17394691705703735
596,0.173488587141037
597,0.1730261743068695
598,0.1725594699382782
599,0.17208829522132874
600,0.18437275290489197
601,0.18386849761009216
602,0.1833755075931549
603,0.18289417028427124
604,0.18242567777633667
605,0.1819697916507721
606,0.18152540922164917
607,0.1810927838087082
608,0.1806701123714447
609,0.1802540421485901
610,0.1798432469367981
611,0.17943567037582397
612,0.17902877926826477
613,0.1786208152770996
614,0.17821073532104492
615,0.177797332406044
616,0.177378848195076
617,0.17695558071136475
618,0.17652656137943268
619,0.17609155178070068
620,0.17565083503723145
621,0.1752053052186966
622,0.1747550070285797
623,0.1742996871471405
624,0.17383895814418793
625,0.17337268590927124
626,0.17290019989013672
627,0.17242133617401123
628,0.17193572223186493
629,0.17144346237182617
630,0.18601901829242706
631,0.1854850947856903
632,0.18496404588222504
633,0.18445748090744019
634,0.1839638352394104
635,0.18348246812820435
636,0.18301309645175934
637,0.18255549669265747
638,0.18210795521736145
639,0.18166878819465637
640,0.18123455345630646
641,0.1808021068572998
642,0.18037039041519165
643,0.1799367368221283
644,0.1794995367527008
645,0.17905837297439575
646,0.17861205339431763
647,0.17815953493118286
648,0.17770077288150787
649,0.17723658680915833
650,0.1767667829990387
651,0.17629192769527435
652,0.1758110225200653
653,0.17532524466514587
654,0.1748335063457489
655,0.17433542013168335
656,0.1738307923078537
657,0.17331990599632263
658,0.17280222475528717
659,0.17227831482887268
660,0.18694794178009033
661,0.18646910786628723
662,0.18600356578826904
663,0.18554893136024475
664,0.18510490655899048
665,0.18466857075691223
666,0.18423786759376526
667,0.18381132185459137
668,0.18338683247566223
669,0.18296289443969727
670,0.1825384795665741
671,0.18211276829242706
672,0.18168504536151886
673,0.18125483393669128
674,0.18082180619239807
675,0.1803857386112213
676,0.1799463927745819
677,0.1795034259557724
678,0.17905698716640472
679,0.17860767245292664
680,0.1781548261642456
681,0.17769855260849
682,0.17723892629146576
683,0.17677569389343262
684,0.17630846798419952
685,0.17583584785461426
686,0.17535802721977234
687,0.17487461864948273
688,0.17438501119613647
689,0.17388851940631866
690,0.18864503502845764
691,0.18812592327594757
692,0.18761542439460754
693,0.18711403012275696
694,0.1866224855184555
695,0.18613961338996887
696,0.1856655776500702
697,0.18519940972328186
698,0.18474045395851135
699,0.18428757786750793
700,0.18384084105491638
701,0.18339857459068298
702,0.18296030163764954
703,0.18252477049827576
704,0.18209023773670197
705,0.18165507912635803
706,0.18121761083602905
707,0.1807774305343628
708,0.18033373355865479
709,0.179884672164917
710,0.17942990362644196
711,0.17896953225135803
712,0.17850354313850403
713,0.17803117632865906
714,0.1775524914264679
715,0.17706790566444397
716,0.17657703161239624
717,0.17608022689819336
718,0.175577312707901
719,0.1750674843788147
720,0.18652382493019104
721,0.1860152930021286
722,0.18551693856716156
723,0.18502917885780334
724,0.18455249071121216
725,0.18408545851707458
726,0.1836276799440384
727,0.1831781268119812
728,0.1827348917722702
729,0.18229615688323975
730,0.1818602979183197
731,0.18142637610435486
732,0.1809922456741333
733,0.18055710196495056
734,0.18011939525604248
735,0.17967846989631653
736,0.1792343109846115
737,0.1787867248058319
738,0.17833590507507324
739,0.1778821349143982
740,0.17742420732975006
741,0.1769608110189438
742,0.1764909327030182
743,0.17601493000984192
744,0.17553198337554932
745,0.17504113912582397
746,0.17454196512699127
747,0.174034982919693
748,0.17351959645748138
749,0.17299599945545197
750,0.1857140213251114
751,0.18523868918418884
752,0.18477290868759155
753,0.1843169629573822
754,0.18386900424957275
755,0.18342921137809753
756,0.18299707770347595
757,0.1825718879699707
758,0.18215236067771912
759,0.18173685669898987
760,0.18132323026657104
761,0.1809093952178955
762,0.18049421906471252
763,0.1800752580165863
764,0.17965278029441833
765,0.17922595143318176
766,0.17879365384578705
767,0.17835545539855957
768,0.17791087925434113
769,0.1774599850177765
770,0.17700207233428955
771,0.17653697729110718
772,0.17606523633003235
773,0.1755864918231964
774,0.1751004159450531
775,0.17460627853870392
776,0.1741047203540802
777,0.17359629273414612
778,0.17308136820793152
779,0.17255917191505432
780,0.1848272681236267
781,0.18432138860225677
782,0.1838260442018509
783,0.1833398938179016
784,0.18286295235157013
785,0.18239443004131317
786,0.18193447589874268
787,0.18148159980773926
788,0.18103352189064026
789,0.18058937788009644
790,0.1801479309797287
791,0.17970815300941467
792,0.1792687177658081
793,0.17882829904556274
794,0.17838707566261292
795,0.1779446303844452
796,0.17750069499015808
797,0.17705443501472473
798,0.1766057014465332
799,0.1761535406112671
800,0.1756971776485443
801,0.17523571848869324
802,0.174768328666687
803,0.17429476976394653
804,0.17381402850151062
805,0.17332571744918823
806,0.17282971739768982
807,0.17232593894004822
808,0.17181450128555298
809,0.17129477858543396
810,0.18560002744197845
811,0.18513447046279907
812,0.18467853963375092
813,0.1842339187860489
814,0.18379855155944824
815,0.1833726316690445
816,0.18295598030090332
817,0.18254704773426056
818,0.1821453869342804
819,0.18174958229064941
820,0.18135830760002136
821,0.18096956610679626
822,0.18058252334594727
823,0.18019524216651917
824,0.1798064112663269
825,0.1794145107269287
826,0.17901791632175446
827,0.17861533164978027
828,0.17820587754249573
829,0.17778897285461426
830,0.17736470699310303
831,0.1769338995218277
832,0.1764974594116211
833,0.17605546116828918
834,0.17560841143131256
835,0.17515645921230316
836,0.17469994723796844
837,0.17423798143863678
838,0.17377057671546936
839,0.17329725623130798
840,0.18539853394031525
841,0.18485596776008606
842,0.18432308733463287
843,0.18380168080329895
844,0.1832890659570694
845,0.1827847957611084
846,0.18228870630264282
847,0.18180151283740997
848,0.18132266402244568
849,0.18085035681724548
850,0.18038310110569
851,0.1799209862947464
852,0.1794627606868744
853,0.17900709807872772
854,0.17855320870876312
855,0.17810049653053284
856,0.1776474416255951
857,0.17719264328479767
858,0.1767347753047943
859,0.1762728989124298
860,0.1758061647415161
861,0.17533326148986816
862,0.1748538315296173
863,0.1743682324886322
864,0.17387592792510986
865,0.1733764410018921
866,0.17287057638168335
867,0.17235839366912842
868,0.17184025049209595
869,0.1713165044784546
870,0.18685346841812134
871,0.18634040653705597
872,0.18583670258522034
873,0.1853410303592682
874,0.184851735830307
875,0.1843685507774353
876,0.18389084935188293
877,0.1834186464548111
878,0.1829526126384735
879,0.18249207735061646
880,0.18203610181808472
881,0.1815842241048813
882,0.18113622069358826
883,0.18069030344486237
884,0.18024544417858124
885,0.17980116605758667
886,0.17935653030872345
887,0.17891159653663635
888,0.17846503853797913
889,0.17801563441753387
890,0.17756296694278717
891,0.1771061271429062
892,0.17664416134357452
893,0.1761772632598877
894,0.17570427060127258
895,0.17522385716438293
896,0.17473630607128143
897,0.17424067854881287
898,0.17373698949813843
899,0.17322582006454468
900,0.1860072761774063
901,0.18548181653022766
902,0.18496648967266083
903,0.18445907533168793
904,0.1839597374200821
905,0.1834677755832672
906,0.18298211693763733
907,0.1825035661458969
908,0.18203189969062805
909,0.18156738579273224
910,0.18110987544059753
911,0.18065892159938812
912,0.18021366000175476
913,0.17977310717105865
914,0.17933568358421326
915,0.1789003312587738
916,0.17846477031707764
917,0.17802709341049194
918,0.17758691310882568
919,0.17714253067970276
920,0.17669275403022766
921,0.17623646557331085
922,0.17577341198921204
923,0.17530348896980286
924,0.17482690513134003
925,0.17434445023536682
926,0.17385616898536682
927,0.17336252331733704
928,0.17286323010921478
929,0.1723586618900299
930,0.1862664520740509
931,0.18575844168663025
932,0.1852591633796692
933,0.18476736545562744
934,0.1842833161354065
935,0.1838078796863556
936,0.1833411157131195
937,0.18288281559944153
938,0.18243184685707092
939,0.1819871962070465
940,0.1815471351146698
941,0.18111048638820648
942,0.18067666888237
943,0.1802438497543335
944,0.1798107922077179
945,0.1793757677078247
946,0.17893680930137634
947,0.17849236726760864
948,0.1780417114496231
949,0.1775835156440735
950,0.1771167814731598
951,0.17664170265197754
952,0.17615807056427002
953,0.1756667047739029
954,0.17516803741455078
955,0.174663245677948
956,0.17415252327919006
957,0.1736370027065277
958,0.173116534948349
959,0.1725914627313614
960,0.18512430787086487
961,0.18460172414779663
962,0.18409299850463867
963,0.1835978627204895
964,0.18311704695224762
965,0.18264922499656677
966,0.18219342827796936
967,0.18174919486045837
968,0.1813153326511383
969,0.18089072406291962
970,0.18047431111335754
971,0.180062934756279
972,0.17965489625930786
973,0.17924824357032776
974,0.17884060740470886
975,0.17842887341976166
976,0.17801223695278168
977,0.1775898039340973
978,0.17716053128242493
979,0.17672492563724518
980,0.17628321051597595
981,0.17583483457565308
982,0.17538097500801086
983,0.1749219298362732
984,0.1744583547115326
985,0.17399027943611145
986,0.1735171377658844
987,0.1730383336544037
988,0.17255404591560364
989,0.17206397652626038
990,0.18661561608314514
991,0.18609242141246796
992,0.18557961285114288
993,0.1850789487361908
994,0.18458816409111023
995,0.18410718441009521
996,0.18363724648952484
997,0.18317875266075134
998,0.18273130059242249
999,0.1822940707206726
1000,0.18186570703983307
1001,0.18144524097442627
1002,0.18102958798408508
1003,0.18061548471450806
1004,0.1801997274160385
1005,0.17977946996688843
1006,0.17935341596603394
1007,0.17891979217529297
1008,0.17847731709480286
1009,0.17802706360816956
1010,0.1775694489479065
1011,0.1771050989627838
1012,0.17663557827472687
1013,0.17616145312786102
1014,0.1756834089756012
1015,0.17520233988761902
1016,0.17471778392791748
1017,0.17422878742218018
1018,0.17373472452163696
1019,0.17323581874370575
1020,0.18520523607730865
1021,0.18471890687942505
1022,0.18424534797668457
1023,0.18378281593322754
1024,0.1833306849002838
1025,0.18288853764533997
1026,0.18245625495910645
1027,0.18203192949295044
1028,0.1816134750843048
1029,0.18119868636131287
1030,0.18078550696372986
1031,0.18037185072898865
1032,0.17995646595954895
1033,0.17953866720199585
1034,0.1791171133518219
1035,0.17869091033935547
1036,0.1782601773738861
1037,0.17782437801361084
1038,0.17738240957260132
1039,0.17693451046943665
1040,0.17648100852966309
1041,0.1760212779045105
1042,0.17555484175682068
1043,0.17508268356323242
1044,0.17460566759109497
1045,0.1741233617067337
1046,0.17363612353801727
1047,0.17314305901527405
1048,0.1726440191268921
1049,0.17213881015777588
1050,0.1851683259010315
1051,0.18461887538433075
1052,0.18408173322677612
1053,0.18355602025985718
1054,0.18304207921028137
1055,0.182538241147995
1056,0.18204578757286072
1057,0.18156501650810242
1058,0.18109524250030518
1059,0.1806352734565735
1060,0.18018457293510437
1061,0.17974093556404114
1062,0.17930305004119873
1063,0.17886890470981598
1064,0.1784367561340332
1065,0.17800496518611908
1066,0.17757155001163483
1067,0.1771344244480133
1068,0.17669282853603363
1069,0.17624551057815552
1070,0.1757919192314148
1071,0.1753312647342682
1072,0.1748635172843933
1073,0.17438824474811554
1074,0.17390571534633636
1075,0.17341503500938416
1076,0.17291679978370667
1077,0.17241171002388
1078,0.17190049588680267
1079,0.17138336598873138
1080,0.18519079685211182
1081,0.18469788134098053
1082,0.18421393632888794
1083,0.18373899161815643
1084,0.18327203392982483
1085,0.18281163275241852
1086,0.18235623836517334
1087,0.18190596997737885
1088,0.18145978450775146
1089,0.1810154914855957
1090,0.18057158589363098
1091,0.1801263391971588
1092,0.17967939376831055
1093,0.17923188209533691
1094,0.17878445982933044
1095,0.1783347725868225
1096,0.17788228392601013
1097,0.1774272918701172
1098,0.17696908116340637
1099,0.17650698125362396
1100,0.17604020237922668
1101,0.1755678653717041
1102,0.17508962750434875
1103,0.1746043860912323
1104,0.1741127222776413
1105,0.17361435294151306
1106,0.1731085479259491
1107,0.1725948601961136
1108,0.17207394540309906
1109,0.17154550552368164
1110,0.1855158805847168
1111,0.18503808975219727
1112,0.1845681220293045
1113,0.18410705029964447
1114,0.1836547553539276
1115,0.18321064114570618
1116,0.18277227878570557
1117,0.182336688041687
1118,0.1819031834602356
1119,0.18146966397762299
1120,0.18103459477424622
1121,0.1805974841117859
1122,0.1801571249961853
1123,0.17971333861351013
1124,0.1792663037776947
1125,0.1788153052330017
1126,0.17836087942123413
1127,0.17790210247039795
1128,0.17743849754333496
1129,0.17696988582611084
1130,0.17649689316749573
1131,0.17602010071277618
1132,0.17553889751434326
1133,0.1750527322292328
1134,0.1745617687702179
1135,0.17406624555587769
1136,0.17356690764427185
1137,0.17306306958198547
1138,0.17255544662475586
1139,0.17204341292381287
1140,0.1842058002948761
1141,0.18375200033187866
1142,0.18331150710582733
1143,0.18288522958755493
1144,0.18247094750404358
1145,0.18206672370433807
1146,0.18167057633399963
1147,0.18127986788749695
1148,0.180892676115036
1149,0.1805066466331482
1150,0.18011921644210815
1151,0.179727703332901
1152,0.1793309450149536
1153,0.17892828583717346
1154,0.17851902544498444
1155,0.17810377478599548
1156,0.17768314480781555
1157,0.17725764214992523
1158,0.17682738602161407
1159,0.17639213800430298
1160,0.1759515106678009
1161,0.1755058765411377
1162,0.17505525052547455
1163,0.17459876835346222
1164,0.17413562536239624
1165,0.17366547882556915
1166,0.17318850755691528
1167,0.17270487546920776
1168,0.17221388220787048
1169,0.17171573638916016
1170,0.1866445541381836
1171,0.18616212904453278
1172,0.1856899857521057
1173,0.1852293312549591
1174,0.18477986752986908
1175,0.18434098362922668
1176,0.18391165137290955
1177,0.18348975479602814
1178,0.18307377398014069
1179,0.1826629787683487
1180,0.18225552141666412
1181,0.18185113370418549
1182,0.18144932389259338
1183,0.18104833364486694
1184,0.18064850568771362
1185,0.18024888634681702
1186,0.17984792590141296
1187,0.17944443225860596
1188,0.17903685569763184
1189,0.17862474918365479
1190,0.17820723354816437
1191,0.17778435349464417
1192,0.17735564708709717
1193,0.17692124843597412
1194,0.1764812469482422
1195,0.17603546380996704
1196,0.17558413743972778
1197,0.17512711882591248
1198,0.17466524243354797
1199,0.1741989254951477
1200,0.18310996890068054
1201,0.18259131908416748
1202,0.18208429217338562
1203,0.18159064650535583
1204,0.1811087280511856
1205,0.18063612282276154
1206,0.18017204105854034
1207,0.17971599102020264
1208,0.17926707863807678
1209,0.1788237988948822
1210,0.17838329076766968
1211,0.1779451221227646
1212,0.17750762403011322
1213,0.17706874012947083
1214,0.1766285002231598
1215,0.17618589103221893
1216,0.17573973536491394
1217,0.1752886325120926
1218,0.17483273148536682
1219,0.17437216639518738
1220,0.17390583455562592
1221,0.173432856798172
1222,0.1729535460472107
1223,0.17246869206428528
1224,0.17197781801223755
1225,0.1714809685945511
1226,0.17097792029380798
1227,0.17046865820884705
1228,0.1699523627758026
1229,0.16942980885505676
1230,0.1866714507341385
1231,0.18617519736289978
1232,0.18568839132785797
1233,0.18521296977996826
1234,0.18474885821342468
1235,0.18429669737815857
1236,0.183854877948761
1237,0.18342220783233643
1238,0.18299713730812073
1239,0.18257862329483032
1240,0.18216350674629211
1241,0.18174995481967926
1242,0.1813364326953888
1243,0.18092146515846252
1244,0.18050342798233032
1245,0.18008099496364594
1246,0.17965266108512878
1247,0.17921853065490723
1248,0.17877870798110962
1249,0.17833293974399567
1250,0.17788034677505493
1251,0.1774214804172516
1252,0.1769564151763916
1253,0.17648550868034363
1254,0.17600855231285095
1255,0.17552539706230164
1256,0.17503687739372253
1257,0.1745423674583435
1258,0.17404216527938843
1259,0.17353609204292297
1260,0.1863359808921814
1261,0.1858835220336914
1262,0.1854412853717804
1263,0.18500933051109314
1264,0.1845870167016983
1265,0.18417294323444366
1266,0.18376468122005463
1267,0.1833600103855133
1268,0.1829565316438675
1269,0.18255183100700378
1270,0.18214449286460876
1271,0.18173407018184662
1272,0.18132098019123077
1273,0.18090543150901794
1274,0.1804877519607544
1275,0.18006810545921326
1276,0.17964600026607513
1277,0.1792217493057251
1278,0.17879506945610046
1279,0.17836561799049377
1280,0.1779325306415558
1281,0.17749501764774323
1282,0.1770518720149994
1283,0.17660285532474518
1284,0.17614659667015076
1285,0.1756822168827057
1286,0.17520976066589355
1287,0.1747298240661621
1288,0.174241304397583
1289,0.17374461889266968
1290,0.18479719758033752
1291,0.18433013558387756
1292,0.1838758885860443
1293,0.18343272805213928
1294,0.18299731612205505
1295,0.18256789445877075
1296,0.18214203417301178
1297,0.18171840906143188
1298,0.1812972128391266
1299,0.1808772087097168
1300,0.18045693635940552
1301,0.1800355613231659
1302,0.17961251735687256
1303,0.17918738722801208
1304,0.17875972390174866
1305,0.1783285140991211
1306,0.17789193987846375
1307,0.1774497926235199
1308,0.1770017445087433
1309,0.17654761672019958
1310,0.17608749866485596
1311,0.17562124133110046
1312,0.17514830827713013
1313,0.1746683269739151
1314,0.17418161034584045
1315,0.17368832230567932
1316,0.17318810522556305
1317,0.1726815104484558
1318,0.17216801643371582
1319,0.1716466248035431
1320,0.1883622258901596
1321,0.18780244886875153
1322,0.18725022673606873
1323,0.1867060512304306
1324,0.18616993725299835
1325,0.18564271926879883
1326,0.18512603640556335
1327,0.18462036550045013
1328,0.1841249167919159
1329,0.18363980948925018
1330,0.18316370248794556
1331,0.1826964169740677
1332,0.18223682045936584
1333,0.18178340792655945
1334,0.18133437633514404
1335,0.180888369679451
1336,0.18044334650039673
1337,0.1799977868795395
1338,0.17955009639263153
1339,0.17909878492355347
1340,0.17864185571670532
1341,0.1781775951385498
1342,0.17770510911941528
1343,0.17722508311271667
1344,0.1767370104789734
1345,0.17624089121818542
1346,0.175737664103508
1347,0.17522749304771423
1348,0.17471113801002502
1349,0.17418918013572693
1350,0.1835034042596817
1351,0.18303073942661285
1352,0.1825696974992752
1353,0.18211814761161804
1354,0.18167315423488617
1355,0.18123191595077515
1356,0.18079334497451782
1357,0.18035778403282166
1358,0.17992526292800903
1359,0.17949479818344116
1360,0.17906489968299866
1361,0.17863436043262482
1362,0.17820195853710175
1363,0.1777675747871399
1364,0.17733025550842285
1365,0.17689001560211182
1366,0.17644676566123962
1367,0.17600014805793762
1368,0.17554980516433716
1369,0.1750951111316681
1370,0.17463648319244385
1371,0.17417427897453308
1372,0.17370747029781342
1373,0.17323549091815948
1374,0.17275789380073547
1375,0.17227554321289062
1376,0.17178773880004883
1377,0.17129361629486084
1378,0.17079263925552368
1379,0.1702844649553299
1380,0.1864739954471588
1381,0.18599388003349304
1382,0.18552270531654358
1383,0.18506112694740295
1384,0.18460923433303833
1385,0.18416713178157806
1386,0.1837344765663147
1387,0.18331122398376465
1388,0.18289715051651
1389,0.18248887360095978
1390,0.18208353221416473
1391,0.18167994916439056
1392,0.18127590417861938
1393,0.18087013065814972
1394,0.18046137690544128
1395,0.18004846572875977
1396,0.17963136732578278
1397,0.1792084127664566
1398,0.17877912521362305
1399,0.1783442199230194
1400,0.1779029667377472
1401,0.17745554447174072
1402,0.17700204253196716
1403,0.17654207348823547
1404,0.17607608437538147
1405,0.1756034791469574
1406,0.17512495815753937
1407,0.17464038729667664
1408,0.1741493046283722
1409,0.1736520528793335
1410,0.1841544657945633
1411,0.18360944092273712
1412,0.18307729065418243
1413,0.18255743384361267
1414,0.18205028772354126
1415,0.18155807256698608
1416,0.18108020722866058
1417,0.18061544001102448
1418,0.1801626980304718
1419,0.1797204315662384
1420,0.17928609251976013
1421,0.17885705828666687
1422,0.1784299910068512
1423,0.17800244688987732
1424,0.17757242918014526
1425,0.1771383285522461
1426,0.17669910192489624
1427,0.176254540681839
1428,0.1758045107126236
1429,0.17534859478473663
1430,0.17488715052604675
1431,0.17442044615745544
1432,0.17394903302192688
1433,0.17347237467765808
1434,0.17299047112464905
1435,0.1725035011768341
1436,0.17201074957847595
1437,0.17151251435279846
1438,0.1710076928138733
1439,0.17049631476402283
1440,0.1843794584274292
1441,0.1838681548833847
1442,0.18337023258209229
1443,0.18288426101207733
1444,0.1824105679988861
1445,0.18194963037967682
1446,0.18149983882904053
1447,0.18105821311473846
1448,0.18062208592891693
1449,0.18019133806228638
1450,0.17976361513137817
1451,0.17933905124664307
1452,0.17891554534435272
1453,0.17849195003509521
1454,0.1780673861503601
1455,0.17764180898666382
1456,0.17721351981163025
1457,0.17678144574165344
1458,0.17634457349777222
1459,0.17590095102787018
1460,0.17545047402381897
1461,0.17499274015426636
1462,0.17452725768089294
1463,0.17405422031879425
1464,0.17357316613197327
1465,0.17308416962623596
1466,0.17258691787719727
1467,0.1720818281173706
1468,0.17156940698623657
1469,0.1710498034954071
1470,0.18639442324638367
1471,0.1859205961227417
1472,0.18545718491077423
1473,0.18500304222106934
1474,0.1845579445362091
1475,0.1841202974319458
1476,0.1836889088153839
1477,0.18326225876808167
1478,0.18283864855766296
1479,0.18241767585277557
1480,0.18199771642684937
1481,0.18157821893692017
1482,0.18115879595279694
1483,0.18073950707912445
1484,0.18032138049602509
1485,0.17990407347679138
1486,0.17948803305625916
1487,0.17907220125198364
1488,0.1786561906337738
1489,0.17823922634124756
1490,0.17782050371170044
1491,0.17739854753017426
1492,0.17697158455848694
1493,0.17653900384902954
1494,0.17609903216362
1495,0.1756512075662613
1496,0.17519572377204895
1497,0.17473231256008148
1498,0.1742609739303589
1499,0.1737825721502304
1500,0.18645210564136505
1501,0.1859816610813141
1502,0.18552137911319733
1503,0.1850689947605133
1504,0.18462413549423218
1505,0.1841859519481659
1506,0.18375399708747864
1507,0.1833282709121704
1508,0.18290847539901733
1509,0.18249474465847015
1510,0.1820845901966095
1511,0.18167684972286224
1512,0.18127122521400452
1513,0.1808670461177826
1514,0.1804632842540741
1515,0.18005919456481934
1516,0.17965377867221832
1517,0.179246723651886
1518,0.17883703112602234
1519,0.17842338979244232
1520,0.17800435423851013
1521,0.1775791496038437
1522,0.1771460324525833
1523,0.1767047941684723
1524,0.176255464553833
1525,0.17579782009124756
1526,0.1753314584493637
1527,0.17485730350017548
1528,0.1743757724761963
1529,0.17388677597045898
1530,0.18649089336395264
1531,0.18599635362625122
1532,0.18551021814346313
1533,0.18503254652023315
1534,0.18456360697746277
1535,0.18410252034664154
1536,0.183649480342865
1537,0.18320369720458984
1538,0.18276375532150269
1539,0.18232837319374084
1540,0.18189619481563568
1541,0.18146613240242004
1542,0.18103721737861633
1543,0.18060818314552307
1544,0.18017864227294922
1545,0.1797485202550888
1546,0.17931656539440155
1547,0.17888209223747253
1548,0.17844420671463013
1549,0.17800307273864746
1550,0.17755842208862305
1551,0.1771104633808136
1552,0.17666003108024597
1553,0.17620731890201569
1554,0.1757514476776123
1555,0.17529146373271942
1556,0.174826517701149
1557,0.1743561029434204
1558,0.17387928068637848
1559,0.17339617013931274
1560,0.18539337813854218
1561,0.18484970927238464
1562,0.1843145191669464
1563,0.18379047513008118
1564,0.18327493965625763
1565,0.1827681064605713
1566,0.182270810008049
1567,0.1817840337753296
1568,0.18130725622177124
1569,0.18084000051021576
1570,0.1803811639547348
1571,0.1799287497997284
1572,0.17948126792907715
1573,0.17903749644756317
1574,0.1785946786403656
1575,0.1781507134437561
1576,0.17770269513130188
1577,0.17724883556365967
1578,0.1767878234386444
1579,0.17631880939006805
1580,0.17584139108657837
1581,0.17535561323165894
1582,0.17486204206943512
1583,0.1743612289428711
1584,0.17385491728782654
1585,0.17334307730197906
1586,0.1728251576423645
1587,0.1723020076751709
1588,0.1717749536037445
1589,0.17124304175376892
1590,0.18608367443084717
1591,0.18557317554950714
1592,0.1850682497024536
1593,0.1845705211162567
1594,0.18407997488975525
1595,0.18359756469726562
1596,0.1831231415271759
1597,0.18265707790851593
1598,0.18219929933547974
1599,0.18174928426742554
1600,0.18130511045455933
1601,0.1808660626411438
1602,0.18043090403079987
1603,0.1799979954957962
1604,0.17956477403640747
1605,0.17912879586219788
1606,0.17868806421756744
1607,0.1782413125038147
1608,0.17778721451759338
1609,0.17732548713684082
1610,0.17685574293136597
1611,0.17637823522090912
1612,0.17589382827281952
1613,0.17540289461612701
1614,0.17490655183792114
1615,0.17440512776374817
1616,0.1738985776901245
1617,0.17338784039020538
1618,0.1728726625442505
1619,0.17235411703586578
1620,0.18489792943000793
1621,0.18439996242523193
1622,0.18391019105911255
1623,0.18343213200569153
1624,0.18296335637569427
1625,0.1825025975704193
1626,0.1820501983165741
1627,0.181606724858284
1628,0.1811724305152893
1629,0.18074646592140198
1630,0.18032820522785187
1631,0.17991596460342407
1632,0.17950846254825592
1633,0.17910310626029968
1634,0.1786973476409912
1635,0.17828898131847382
1636,0.17787683010101318
1637,0.1774596869945526
1638,0.1770366132259369
1639,0.17660744488239288
1640,0.17617128789424896
1641,0.17572852969169617
1642,0.1752786934375763
1643,0.17482158541679382
1644,0.17435809969902039
1645,0.17388778924942017
1646,0.1734113097190857
1647,0.17292875051498413
1648,0.17244017124176025
1649,0.1719459891319275
1650,0.18599911034107208
1651,0.18543821573257446
1652,0.18488629162311554
1653,0.18434453010559082
1654,0.1838129162788391
1655,0.183293417096138
1656,0.18278610706329346
1657,0.1822902262210846
1658,0.18180513381958008
1659,0.1813281625509262
1660,0.18085719645023346
1661,0.1803896427154541
1662,0.17992472648620605
1663,0.17946168780326843
1664,0.17899951338768005
1665,0.1785375475883484
1666,0.17807497084140778
1667,0.1776106357574463
1668,0.17714464664459229
1669,0.1766756922006607
1670,0.17620280385017395
1671,0.17572486400604248
1672,0.17524056136608124
1673,0.17474982142448425
1674,0.1742524802684784
1675,0.17374803125858307
1676,0.17323729395866394
1677,0.172720804810524
1678,0.17219838500022888
1679,0.17167025804519653
1680,0.1844131201505661
1681,0.18392077088356018
1682,0.1834426373243332
1683,0.1829785406589508
1684,0.18252697587013245
1685,0.18208730220794678
1686,0.18165773153305054
1687,0.18123702704906464
1688,0.18082359433174133
1689,0.1804165244102478
1690,0.1800139844417572
1691,0.1796131581068039
1692,0.17921221256256104
1693,0.1788092404603958
1694,0.1784038245677948
1695,0.17799410223960876
1696,0.17757856845855713
1697,0.17715662717819214
1698,0.17672814428806305
1699,0.17629286646842957
1700,0.17585086822509766
1701,0.17540308833122253
1702,0.1749502420425415
1703,0.1744924783706665
1704,0.1740306317806244
1705,0.173563614487648
1706,0.1730915904045105
1707,0.17261561751365662
1708,0.17213431000709534
1709,0.17164748907089233
1710,0.18521200120449066
1711,0.18470238149166107
1712,0.18420609831809998
1713,0.1837226152420044
1714,0.183251291513443
1715,0.18279194831848145
1716,0.18234515190124512
1717,0.18190979957580566
1718,0.18148481845855713
1719,0.18106895685195923
1720,0.1806597262620926
1721,0.1802540421485901
1722,0.17985060811042786
1723,0.17944686114788055
1724,0.1790410280227661
1725,0.1786310225725174
1726,0.17821519076824188
1727,0.17779338359832764
1728,0.17736497521400452
1729,0.17692984640598297
1730,0.17648836970329285
1731,0.17604060471057892
1732,0.17558740079402924
1733,0.17513003945350647
1734,0.1746682971715927
1735,0.1742027997970581
1736,0.1737331748008728
1737,0.1732601523399353
1738,0.17278388142585754
1739,0.17230425775051117
1740,0.1860201358795166
1741,0.18552209436893463
1742,0.18503528833389282
1743,0.18456023931503296
1744,0.18409579992294312
1745,0.18364179134368896
1746,0.18319760262966156
1747,0.18276138603687286
1748,0.18233191967010498
1749,0.18190763890743256
1750,0.18148642778396606
1751,0.18106716871261597
1752,0.1806490421295166
1753,0.1802305430173874
1754,0.17980945110321045
1755,0.17938479781150818
1756,0.17895515263080597
1757,0.1785200536251068
1758,0.17807932198047638
1759,0.17763251066207886
1760,0.17717960476875305
1761,0.1767202615737915
1762,0.1762547492980957
1763,0.17578235268592834
1764,0.175303652882576
1765,0.17481902241706848
1766,0.1743280589580536
1767,0.1738305240869522
1768,0.17332696914672852
1769,0.17281627655029297
1770,0.1832859069108963
1771,0.18278735876083374
1772,0.18230201303958893
1773,0.18183064460754395
1774,0.18137085437774658
1775,0.1809215098619461
1776,0.18048104643821716
1777,0.1800471991300583
1778,0.17961856722831726
1779,0.17919352650642395
1780,0.17876963317394257
1781,0.17834486067295074
1782,0.1779174655675888
1783,0.17748597264289856
1784,0.17705008387565613
1785,0.17660963535308838
1786,0.17616307735443115
1787,0.17571091651916504
1788,0.1752529740333557
1789,0.17478981614112854
1790,0.1743220090866089
1791,0.17384955286979675
1792,0.17337219417095184
1793,0.17289000749588013
1794,0.17240317165851593
1795,0.17191198468208313
1796,0.1714160442352295
1797,0.1709154099225998
1798,0.17040956020355225
1799,0.1698983907699585
1800,0.18578313291072845
1801,0.18528540432453156
1802,0.1847977340221405
1803,0.18431970477104187
1804,0.18385067582130432
1805,0.18339021503925323
1806,0.18293708562850952
1807,0.18248999118804932
1808,0.1820482611656189
1809,0.181611105799675
1810,0.18117734789848328
1811,0.18074879050254822
1812,0.1803252100944519
1813,0.17990601062774658
1814,0.17949020862579346
1815,0.17907726764678955
1816,0.1786654144525528
1817,0.1782529652118683
1818,0.1778378039598465
1819,0.17741790413856506
1820,0.17699243128299713
1821,0.17656084895133972
1822,0.1761225461959839
1823,0.1756766438484192
1824,0.17522358894348145
1825,0.17476360499858856
1826,0.17429675161838531
1827,0.1738235503435135
1828,0.17334386706352234
1829,0.17285826802253723
1830,0.1842145025730133
1831,0.18375545740127563
1832,0.1833093762397766
1833,0.18287497758865356
1834,0.18244987726211548
1835,0.18203282356262207
1836,0.18162250518798828
1837,0.18121664226055145
1838,0.1808132380247116
1839,0.18040946125984192
1840,0.18000391125679016
1841,0.17959430813789368
1842,0.17917989194393158
1843,0.17876029014587402
1844,0.17833568155765533
1845,0.1779058575630188
1846,0.17747071385383606
1847,0.17703042924404144
1848,0.17658476531505585
1849,0.17613394558429718
1850,0.17567774653434753
1851,0.1752159148454666
1852,0.17474792897701263
1853,0.174273282289505
1854,0.1737915575504303
1855,0.17330345511436462
1856,0.17280881106853485
1857,0.17230769991874695
1858,0.17179979383945465
1859,0.17128531634807587
1860,0.1866532266139984
1861,0.18616726994514465
1862,0.1856890618801117
1863,0.18521961569786072
1864,0.1847580373287201
1865,0.18430471420288086
1866,0.18385934829711914
1867,0.18341942131519318
1868,0.18298348784446716
1869,0.18255072832107544
1870,0.1821204125881195
1871,0.18169167637825012
1872,0.18126457929611206
1873,0.18083816766738892
1874,0.18041172623634338
1875,0.17998406291007996
1876,0.1795545518398285
1877,0.17912164330482483
1878,0.17868417501449585
1879,0.17824095487594604
1880,0.1777910590171814
1881,0.1773347556591034
1882,0.1768721640110016
1883,0.17640423774719238
1884,0.17592982947826385
1885,0.17544949054718018
1886,0.17496326565742493
1887,0.1744714081287384
1888,0.1739736795425415
1889,0.17346978187561035
1890,0.18632829189300537
1891,0.18582823872566223
1892,0.1853376030921936
1893,0.18485379219055176
1894,0.18437622487545013
1895,0.18390558660030365
1896,0.1834421008825302
1897,0.18298667669296265
1898,0.18253687024116516
1899,0.18209101259708405
1900,0.18164892494678497
1901,0.18120868504047394
1902,0.18076840043067932
1903,0.18032804131507874
1904,0.1798860728740692
1905,0.1794419139623642
1906,0.17899446189403534
1907,0.17854274809360504
1908,0.17808668315410614
1909,0.1776266247034073
1910,0.177161306142807
1911,0.17668956518173218
1912,0.1762116253376007
1913,0.17572668194770813
1914,0.1752346158027649
1915,0.1747356355190277
1916,0.17422936856746674
1917,0.173715740442276
1918,0.1731950342655182
1919,0.1726672649383545
1920,0.18299108743667603
1921,0.1824840009212494
1922,0.18198837339878082
1923,0.18150387704372406
1924,0.18102987110614777
1925,0.18056534230709076
1926,0.18010780215263367
1927,0.17965562641620636
1928,0.17920708656311035
1929,0.17875994741916656
1930,0.17831182479858398
1931,0.17786091566085815
1932,0.17740529775619507
1933,0.17694368958473206
1934,0.1764758676290512
1935,0.17600175738334656
1936,0.17552168667316437
1937,0.17503559589385986
1938,0.17454451322555542
1939,0.1740494668483734
1940,0.17355045676231384
1941,0.17304804921150208
1942,0.17254289984703064
1943,0.17203404009342194
1944,0.17152146995067596
1945,0.17100456357002258
1946,0.17048373818397522
1947,0.16995875537395477
1948,0.1694284826517105
1949,0.16889286041259766
1950,0.1839216947555542
1951,0.18347683548927307
1952,0.1830407977104187
1953,0.18261411786079407
1954,0.18219663202762604
1955,0.18178746104240417
1956,0.18138387799263
1957,0.18098363280296326
1958,0.18058478832244873
1959,0.18018627166748047
1960,0.1797868013381958
1961,0.1793840527534485
1962,0.1789781153202057
1963,0.17856772243976593
1964,0.17815226316452026
1965,0.17773133516311646
1966,0.17730452120304108
1967,0.17687158286571503
1968,0.1764332354068756
1969,0.17598864436149597
1970,0.1755380779504776
1971,0.1750817745923996
1972,0.17461882531642914
1973,0.17414847016334534
1974,0.1736704409122467
1975,0.17318540811538696
1976,0.17269323766231537
1977,0.1721934974193573
1978,0.171685591340065
1979,0.17116960883140564
1980,0.18650826811790466
1981,0.18600837886333466
1982,0.18551823496818542
1983,0.1850394308567047
1984,0.18457242846488953
1985,0.18411847949028015
1986,0.18367624282836914
1987,0.18324531614780426
1988,0.18282316625118256
1989,0.18240821361541748
1990,0.1819981336593628
1991,0.18159183859825134
1992,0.18118689954280853
1993,0.18078158795833588
1994,0.18037468194961548
1995,0.17996539175510406
1996,0.17955298721790314
1997,0.17913669347763062
1998,0.17871566116809845
1999,0.17828978598117828
2000,0.17785954475402832
2001,0.17742574214935303
2002,0.1769879013299942
2003,0.17654675245285034
2004,0.17610181868076324
2005,0.17565377056598663
2006,0.1752035915851593
2007,0.17474991083145142
2008,0.17429323494434357
2009,0.17383280396461487
2010,0.18430602550506592
2011,0.1838158667087555
2012,0.1833375096321106
2013,0.1828717291355133
2014,0.18241524696350098
2015,0.18196836113929749
2016,0.18153071403503418
2017,0.181100994348526
2018,0.18067747354507446
2019,0.18025781214237213
2020,0.17984119057655334
2021,0.1794264018535614
2022,0.17901252210140228
2023,0.17859740555286407
2024,0.17818011343479156
2025,0.1777600347995758
2026,0.17733624577522278
2027,0.17690765857696533
2028,0.1764744222164154
2029,0.17603634297847748
2030,0.17559342086315155
2031,0.17514491081237793
2032,0.1746903955936432
2033,0.17423027753829956
2034,0.17376363277435303
2035,0.1732904613018036
2036,0.17280980944633484
2037,0.17232167720794678
2038,0.17182661592960358
2039,0.17132411897182465
2040,0.18283918499946594
2041,0.18234503269195557
2042,0.18186494708061218
2043,0.18140029907226562
2044,0.1809483766555786
2045,0.1805066466331482
2046,0.18007320165634155
2047,0.1796453893184662
2048,0.17922070622444153
2049,0.1787986308336258
2050,0.1783786416053772
2051,0.17796018719673157
2052,0.17754298448562622
2053,0.17712517082691193
2054,0.17670701444149017
2055,0.17628759145736694
2056,0.17586517333984375
2057,0.1754382848739624
2058,0.17500528693199158
2059,0.17456649243831635
2060,0.1741217076778412
2061,0.17367035150527954
2062,0.1732124388217926
2063,0.17274810373783112
2064,0.17227743566036224
2065,0.1718001663684845
2066,0.17131757736206055
2067,0.17082929611206055
2068,0.17033475637435913
2069,0.16983497142791748
2070,0.1858711689710617
2071,0.18535465002059937
2072,0.18484655022621155
2073,0.18434801697731018
2074,0.1838596910238266
2075,0.1833823323249817
2076,0.18291553854942322
2077,0.18245896697044373
2078,0.18201234936714172
2079,0.18157383799552917
2080,0.18114197254180908
2081,0.18071520328521729
2082,0.18029159307479858
2083,0.1798686683177948
2084,0.17944534122943878
2085,0.179019957780838
2086,0.17859134078025818
2087,0.178158700466156
2088,0.1777210682630539
2089,0.1772778332233429
2090,0.17682887613773346
2091,0.17637333273887634
2092,0.17591112852096558
2093,0.17544251680374146
2094,0.17496679723262787
2095,0.17448416352272034
2096,0.17399586737155914
2097,0.17350158095359802
2098,0.1730012595653534
2099,0.17249608039855957
2100,0.185125470161438
2101,0.184589684009552
2102,0.18406367301940918
2103,0.1835481822490692
2104,0.1830427646636963
2105,0.18254660069942474
2106,0.18206027150154114
2107,0.18158334493637085
2108,0.18111595511436462
2109,0.1806577444076538
2110,0.18020761013031006
2111,0.1797642707824707
2112,0.17932695150375366
2113,0.17889352142810822
2114,0.17846140265464783
2115,0.1780284196138382
2116,0.17759063839912415
2117,0.1771465539932251
2118,0.1766940802335739
2119,0.17623241245746613
2120,0.17576126754283905
2121,0.17528143525123596
2122,0.17479252815246582
2123,0.1742960512638092
2124,0.17379173636436462
2125,0.17327992618083954
2126,0.17276160418987274
2127,0.17223645746707916
2128,0.17170500755310059
2129,0.17116793990135193
2130,0.18445679545402527
2131,0.1839696317911148
2132,0.1834937334060669
2133,0.18303048610687256
2134,0.18257920444011688
2135,0.1821383535861969
2136,0.18170613050460815
2137,0.18127988278865814
2138,0.18085825443267822
2139,0.1804390549659729
2140,0.18002116680145264
2141,0.17960309982299805
2142,0.17918378114700317
2143,0.17876282334327698
2144,0.17833957076072693
2145,0.17791436612606049
2146,0.17748704552650452
2147,0.17705705761909485
2148,0.17662352323532104
2149,0.17618602514266968
2150,0.17574343085289001
2151,0.1752958744764328
2152,0.17484307289123535
2153,0.17438438534736633
2154,0.17392009496688843
2155,0.17344987392425537
2156,0.1729746162891388
2157,0.17249399423599243
2158,0.17200824618339539
2159,0.17151778936386108
2160,0.1837656944990158
2161,0.183264821767807
2162,0.1827792078256607
2163,0.18230554461479187
2164,0.18184375762939453
2165,0.18139316141605377
2166,0.18095263838768005
2167,0.18052110075950623
2168,0.1800973117351532
2169,0.17967943847179413
2170,0.17926691472530365
2171,0.17885778844356537
2172,0.17845019698143005
2173,0.178043395280838
2174,0.17763471603393555
2175,0.17722222208976746
2176,0.1768052726984024
2177,0.1763826310634613
2178,0.17595352232456207
2179,0.17551732063293457
2180,0.17507416009902954
2181,0.1746249496936798
2182,0.174169659614563
2183,0.17370803654193878
2184,0.17324072122573853
2185,0.1727689802646637
2186,0.1722927689552307
2187,0.17181207239627838
2188,0.17132660746574402
2189,0.1708364188671112
2190,0.18385785818099976
2191,0.1833474040031433
2192,0.18284867703914642
2193,0.18236204981803894
2194,0.1818866729736328
2195,0.18142160773277283
2196,0.18096527457237244
2197,0.18051664531230927
2198,0.1800740659236908
2199,0.17963531613349915
2200,0.1791994869709015
2201,0.17876462638378143
2202,0.17832964658737183
2203,0.17789369821548462
2204,0.17745693027973175
2205,0.1770167350769043
2206,0.17657318711280823
2207,0.1761256456375122
2208,0.1756739318370819
2209,0.17521727085113525
2210,0.17475579679012299
2211,0.174289271235466
2212,0.17381790280342102
2213,0.17334125936031342
2214,0.17285895347595215
2215,0.1723712980747223
2216,0.17187801003456116
2217,0.17137959599494934
2218,0.1708764284849167
2219,0.1703691929578781
2220,0.18458670377731323
2221,0.18409201502799988
2222,0.18360918760299683
2223,0.18313902616500854
2224,0.1826818585395813
2225,0.182237446308136
2226,0.18180318176746368
2227,0.18137866258621216
2228,0.18096217513084412
2229,0.1805512011051178
2230,0.18014439940452576
2231,0.17973841726779938
2232,0.17933082580566406
2233,0.17892026901245117
2234,0.17850594222545624
2235,0.1780855655670166
2236,0.17765861749649048
2237,0.1772250384092331
2238,0.17678460478782654
2239,0.17633846402168274
2240,0.17588678002357483
2241,0.1754285991191864
2242,0.1749647557735443
2243,0.1744958609342575
2244,0.17402155697345734
2245,0.17354169487953186
2246,0.17305567860603333
2247,0.17256397008895874
2248,0.17206546664237976
2249,0.171560600399971
2250,0.18509629368782043
2251,0.1846078634262085
2252,0.18413062393665314
2253,0.18366464972496033
2254,0.18320804834365845
2255,0.1827596127986908
2256,0.18231886625289917
2257,0.18188564479351044
2258,0.18145757913589478
2259,0.18103229999542236
2260,0.18060827255249023
2261,0.18018466234207153
2262,0.1797613501548767
2263,0.17933735251426697
2264,0.17891214787960052
2265,0.1784851849079132
2266,0.17805662751197815
2267,0.17762643098831177
2268,0.1771940290927887
2269,0.1767587661743164
2270,0.1763201653957367
2271,0.17587731778621674
2272,0.1754295527935028
2273,0.1749761700630188
2274,0.17451676726341248
2275,0.17405158281326294
2276,0.17358028888702393
2277,0.17310260236263275
2278,0.17261812090873718
2279,0.17212700843811035
2280,0.18552705645561218
2281,0.18501774966716766
2282,0.18451952934265137
2283,0.1840313971042633
2284,0.1835528016090393
2285,0.183084174990654
2286,0.18262580037117004
2287,0.1821763664484024
2288,0.18173633515834808
2289,0.18130452930927277
2290,0.18087950348854065
2291,0.18045958876609802
2292,0.18004441261291504
2293,0.1796320378780365
2294,0.1792217642068863
2295,0.1788121461868286
2296,0.1784011572599411
2297,0.177986741065979
2298,0.177568256855011
2299,0.17714452743530273
2300,0.17671412229537964
2301,0.1762760877609253
2302,0.17583127319812775
2303,0.17538028955459595
2304,0.17492219805717468
2305,0.17445701360702515
2306,0.17398476600646973
2307,0.17350539565086365
2308,0.17301923036575317
2309,0.17252641916275024
2310,0.1853679120540619
2311,0.18487578630447388
2312,0.18439586460590363
2313,0.1839262843132019
2314,0.183467835187912
2315,0.18301962316036224
2316,0.18257930874824524
2317,0.1821470558643341
2318,0.18172134459018707
2319,0.1813012957572937
2320,0.18088532984256744
2321,0.18047165870666504
2322,0.180060014128685
2323,0.17964917421340942
2324,0.17923861742019653
2325,0.17882686853408813
2326,0.1784134805202484
2327,0.1779981404542923
2328,0.17758062481880188
2329,0.17716029286384583
2330,0.17673620581626892
2331,0.17630833387374878
2332,0.17587555944919586
2333,0.17543759942054749
2334,0.17499472200870514
2335,0.17454582452774048
2336,0.17409105598926544
2337,0.17362986505031586
2338,0.17316165566444397
2339,0.17268694937229156
2340,0.1875666230916977
2341,0.1870253086090088
2342,0.18649259209632874
2343,0.18597140908241272
2344,0.18546277284622192
2345,0.1849670112133026
2346,0.18448403477668762
2347,0.18401500582695007
2348,0.18355844914913177
2349,0.18311315774917603
2350,0.1826779991388321
2351,0.18225008249282837
2352,0.1818268746137619
2353,0.18140673637390137
2354,0.1809874027967453
2355,0.1805669665336609
2356,0.1801440417766571
2357,0.17971664667129517
2358,0.17928385734558105
2359,0.17884553968906403
2360,0.17840075492858887
2361,0.17795033752918243
2362,0.17749449610710144
2363,0.17703327536582947
2364,0.17656676471233368
2365,0.176095113158226
2366,0.17561817169189453
2367,0.1751364916563034
2368,0.17465022206306458
2369,0.17415890097618103
2370,0.18554575741291046
2371,0.18502011895179749
2372,0.184504896402359
2373,0.18399757146835327
2374,0.1834971010684967
2375,0.18300321698188782
2376,0.18251557648181915
2377,0.18203507363796234
2378,0.18156284093856812
2379,0.18109887838363647
2380,0.18064278364181519
2381,0.1801941990852356
2382,0.17975246906280518
2383,0.17931681871414185
2384,0.1788855791091919
2385,0.17845816910266876
2386,0.17803353071212769
2387,0.1776101291179657
2388,0.1771858036518097
2389,0.17675751447677612
2390,0.1763240098953247
2391,0.17588397860527039
2392,0.17543627321720123
2393,0.17498046159744263
2394,0.17451632022857666
2395,0.17404422163963318
2396,0.17356550693511963
2397,0.17308104038238525
2398,0.17259150743484497
2399,0.1720978319644928
2400,0.18505963683128357
2401,0.18458843231201172
2402,0.18413037061691284
2403,0.18368637561798096
2404,0.18325358629226685
2405,0.18282848596572876
2406,0.1824091374874115
2407,0.1819935441017151
2408,0.18157976865768433
2409,0.18116667866706848
2410,0.18075251579284668
2411,0.18033620715141296
2412,0.17991742491722107
2413,0.17949658632278442
2414,0.17907315492630005
2415,0.17864590883255005
2416,0.17821410298347473
2417,0.17777705192565918
2418,0.17733395099639893
2419,0.1768845021724701
2420,0.17642900347709656
2421,0.1759672462940216
2422,0.1754990816116333
2423,0.17502471804618835
2424,0.17454412579536438
2425,0.17405717074871063
2426,0.17356358468532562
2427,0.17306393384933472
2428,0.17255783081054688
2429,0.17204555869102478
2430,0.1833353489637375
2431,0.18281963467597961
2432,0.18231430649757385
2433,0.18182002007961273
2434,0.1813366562128067
2435,0.18086275458335876
2436,0.18039754033088684
2437,0.17993974685668945
2438,0.17948774993419647
2439,0.17904072999954224
2440,0.17859792709350586
2441,0.17815883457660675
2442,0.17772099375724792
2443,0.17728309333324432
2444,0.17684362828731537
2445,0.17640095949172974
2446,0.17595461010932922
2447,0.1755039393901825
2448,0.17504820227622986
2449,0.17458637058734894
2450,0.17411816120147705
2451,0.17364399135112762
2452,0.17316460609436035
2453,0.17268019914627075
2454,0.17219063639640808
2455,0.171695739030838
2456,0.1711961179971695
2457,0.1706918179988861
2458,0.17018276453018188
2459,0.16966859996318817
2460,0.1849607229232788
2461,0.18445229530334473
2462,0.18395498394966125
2463,0.18346908688545227
2464,0.18299314379692078
2465,0.18252554535865784
2466,0.18206514418125153
2467,0.18161112070083618
2468,0.18116313219070435
2469,0.18071991205215454
2470,0.1802792251110077
2471,0.17983967065811157
2472,0.17940035462379456
2473,0.17895916104316711
2474,0.1785154491662979
2475,0.17806760966777802
2476,0.1776151955127716
2477,0.17715772986412048
2478,0.176694855093956
2479,0.17622679471969604
2480,0.17575275897979736
2481,0.17527244985103607
2482,0.17478567361831665
2483,0.1742931604385376
2484,0.1737949550151825
2485,0.17328999936580658
2486,0.17277824878692627
2487,0.1722595989704132
2488,0.17173422873020172
2489,0.17120233178138733
2490,0.18521644175052643
2491,0.18470412492752075
2492,0.18420061469078064
2493,0.18370512127876282
2494,0.18321780860424042
2495,0.1827378273010254
2496,0.18226571381092072
2497,0.18180164694786072
2498,0.18134334683418274
2499,0.18089033663272858
2500,0.18044066429138184
2501,0.17999368906021118
2502,0.17954815924167633
2503,0.17910391092300415
2504,0.17865994572639465
2505,0.17821523547172546
2506,0.1777687817811966
2507,0.17731890082359314
2508,0.1768646091222763
2509,0.17640531063079834
2510,0.1759399026632309
2511,0.17546772956848145
2512,0.17498880624771118
2513,0.17450305819511414
2514,0.1740109920501709
2515,0.17351262271404266
2516,0.1730082631111145
2517,0.17249873280525208
2518,0.17198410630226135
2519,0.17146368324756622
2520,0.18482545018196106
2521,0.1843237578868866
2522,0.18383169174194336
2523,0.1833493709564209
2524,0.1828760951757431
2525,0.18241047859191895
2526,0.1819523572921753
2527,0.18150077760219574
2528,0.18105389177799225
2529,0.18060922622680664
2530,0.18016576766967773
2531,0.1797214150428772
2532,0.1792755126953125
2533,0.17882868647575378
2534,0.1783810555934906
2535,0.1779307872056961
2536,0.17747819423675537
2537,0.17702193558216095
2538,0.17656148970127106
2539,0.17609623074531555
2540,0.17562566697597504
2541,0.1751493513584137
2542,0.17466655373573303
2543,0.17417682707309723
2544,0.17368051409721375
2545,0.17317786812782288
2546,0.17266903817653656
2547,0.17215484380722046
2548,0.1716347634792328
2549,0.17110949754714966
2550,0.1843237578868866
2551,0.1838287115097046
2552,0.18334591388702393
2553,0.18287613987922668
2554,0.18241584300994873
2555,0.18196383118629456
2556,0.1815180480480194
2557,0.1810767650604248
2558,0.1806388795375824
2559,0.18020325899124146
2560,0.17977026104927063
2561,0.17933891713619232
2562,0.17890703678131104
2563,0.17847353219985962
2564,0.17803774774074554
2565,0.17759951949119568
2566,0.1771581768989563
2567,0.17671266198158264
2568,0.17626313865184784
2569,0.17580926418304443
2570,0.17535026371479034
2571,0.17488564550876617
2572,0.17441505193710327
2573,0.1739383041858673
2574,0.17345520853996277
2575,0.1729663610458374
2576,0.17247134447097778
2577,0.17197012901306152
2578,0.17146295309066772
2579,0.17095041275024414
2580,0.18765994906425476
2581,0.1872100532054901
2582,0.18676665425300598
2583,0.18632853031158447
2584,0.18589654564857483
2585,0.18546825647354126
2586,0.18504396080970764
2587,0.18462350964546204
2588,0.18420712649822235
2589,0.18379412591457367
2590,0.1833835393190384
2591,0.18297430872917175
2592,0.18256554007530212
2593,0.18215689063072205
2594,0.18174847960472107
2595,0.18134009838104248
2596,0.18093104660511017
2597,0.18052104115486145
2598,0.18010899424552917
2599,0.17969557642936707
2600,0.17927920818328857
2601,0.1788596212863922
2602,0.17843575775623322
2603,0.17800620198249817
2604,0.17757001519203186
2605,0.17712712287902832
2606,0.1766779124736786
2607,0.17622110247612
2608,0.17575716972351074
2609,0.1752861738204956
2610,0.18547195196151733
2611,0.1849866807460785
2612,0.18451425433158875
2613,0.1840517818927765
2614,0.1835992932319641
2615,0.18315701186656952
2616,0.1827234923839569
2617,0.1822974681854248
2618,0.18187656998634338
2619,0.1814589947462082
2620,0.18104404211044312
2621,0.1806296557188034
2622,0.18021413683891296
2623,0.17979682981967926
2624,0.17937782406806946
2625,0.17895689606666565
2626,0.17853385210037231
2627,0.1781093180179596
2628,0.17768383026123047
2629,0.17725645005702972
2630,0.17682623863220215
2631,0.17639261484146118
2632,0.17595501244068146
2633,0.17551220953464508
2634,0.1750638484954834
2635,0.17460909485816956
2636,0.1741470843553543
2637,0.17367753386497498
2638,0.1732006072998047
2639,0.17271670699119568
2640,0.18342167139053345
2641,0.1829230934381485
2642,0.1824374794960022
2643,0.1819644421339035
2644,0.18150292336940765
2645,0.1810513436794281
2646,0.18060871958732605
2647,0.18017372488975525
2648,0.17974460124969482
2649,0.17932018637657166
2650,0.1788998395204544
2651,0.17848265171051025
2652,0.17806778848171234
2653,0.17765337228775024
2654,0.17723889648914337
2655,0.17682281136512756
2656,0.17640265822410583
2657,0.17597728967666626
2658,0.1755453646183014
2659,0.17510583996772766
2660,0.17465902864933014
2661,0.1742047667503357
2662,0.17374320328235626
2663,0.17327499389648438
2664,0.17280113697052002
2665,0.17232182621955872
2666,0.17183741927146912
2667,0.17134778201580048
2668,0.1708531528711319
2669,0.17035354673862457
2670,0.18425148725509644
2671,0.18376056849956512
2672,0.18328072130680084
2673,0.18281196057796478
2674,0.1823548972606659
2675,0.18190741539001465
2676,0.18146835267543793
2677,0.1810370832681656
2678,0.18061146140098572
2679,0.18019014596939087
2680,0.179770827293396
2681,0.17935124039649963
2682,0.17893117666244507
2683,0.17851009964942932
2684,0.17808669805526733
2685,0.17766061425209045
2686,0.17723102867603302
2687,0.17679645121097565
2688,0.17635577917099
2689,0.17590802907943726
2690,0.17545390129089355
2691,0.17499268054962158
2692,0.1745244860649109
2693,0.17404887080192566
2694,0.17356601357460022
2695,0.17307695746421814
2696,0.1725820004940033
2697,0.17208054661750793
2698,0.1715725064277649
2699,0.17105861008167267
